ACCELEROMETER X (m/s²),ACCELEROMETER Y (m/s²),ACCELEROMETER Z (m/s²),GRAVITY X (m/s²),GRAVITY Y (m/s²),GRAVITY Z (m/s²),LINEAR ACCELERATION X (m/s²),LINEAR ACCELERATION Y (m/s²),LINEAR ACCELERATION Z (m/s²),GYROSCOPE X (rad/s),GYROSCOPE Y (rad/s),GYROSCOPE Z (rad/s),LIGHT (lux),MAGNETIC FIELD X (μT),MAGNETIC FIELD Y (μT),MAGNETIC FIELD Z (μT),ORIENTATION Z (azimuth °),ORIENTATION X (pitch °),ORIENTATION Y (roll °),PROXIMITY (m),SOUND LEVEL (dB),LOCATION Latitude : ,LOCATION Longitude : ,LOCATION Altitude ( m),LOCATION Altitude-google ( m),LOCATION Speed ( Kmh),LOCATION Accuracy ( m),LOCATION ORIENTATION (°),Satellites in range,Time since start in ms ,YYYY-MO-DD HH-MI-SS_SSS
-1.2939,7.5957,5.5337,-1.0664,7.6821,6.0015,0.3542,0.0053,0.386,-0.0433,-0.3817,0.3797,12179.0,-8.95,-45.56,-16.89,133.27,-58.92,33.9,5.0,29.68,,,,NaN,,,,0 / 25,12,2018-03-07 13:37:24:686
-1.1599,6.8312,6.0027,-1.2504,6.9954,6.7581,0.256,0.1754,-0.0502,-0.1668,0.0411,-0.1167,14554.0,-16.42,-40.14,-23.23,126.93,-44.29,7.25,5.0,53.373,,,,NaN,,,,0 / 25,5013,2018-03-07 13:37:29:687
-1.2508,-0.1343,10.5742,-1.2405,-0.5954,9.7096,-0.0733,0.2633,-0.0805,0.0669,-0.3378,-0.0093,1556.0,-30.54,-6.79,-43.25,74.72,-13.51,-16.17,5.0,50.666,,,,NaN,,,,0 / 25,10013,2018-03-07 13:37:34:687
-0.4671,-0.2803,10.1602,-0.4225,-0.2635,9.794,-0.0068,0.0125,0.0049,-0.0014,-2.0E-4,-0.0105,1583.0,-27.17,-7.86,-44.28,107.59,1.54,2.46,5.0,50.994,,,,NaN,,,,0 / 25,15012,2018-03-07 13:37:39:686
-0.4241,-0.2827,10.1458,-0.42,-0.2549,9.7943,-0.0055,-0.0021,0.0097,0.0016,-0.0019,-2.0E-4,1604.0,-27.41,-6.79,-43.99,105.68,1.51,2.55,5.0,27.01,,,,NaN,,,,0 / 25,20013,2018-03-07 13:37:44:687
-0.4336,-0.291,10.1124,-0.4166,-0.2616,9.7943,-1.0E-4,-0.0026,-0.0086,-2.0E-4,1.0E-4,0.001,1638.0,-27.41,-6.5,-44.23,103.88,1.52,2.46,5.0,6.666,,,,NaN,,,,0 / 25,25013,2018-03-07 13:37:49:687
-0.43,-0.2743,10.1147,-0.4214,-0.2623,9.7941,8.0E-4,3.0E-4,0.0011,8.0E-4,-1.0E-4,0.0016,1854.0,-27.36,-6.4,-43.79,103.91,1.54,2.44,5.0,13.757,,,,NaN,,,,0 / 25,30012,2018-03-07 13:37:54:686
-0.4001,-0.2492,10.1088,-0.4207,-0.2625,9.7941,-0.0039,-0.0036,0.0025,-0.002,-6.0E-4,0.0032,2537.0,-26.82,-6.11,-44.62,103.93,1.53,2.45,5.0,7.388,,,,NaN,,,,0 / 25,35012,2018-03-07 13:37:59:686
-0.4217,-0.2779,10.1028,-0.4169,-0.2624,9.7943,-0.0167,0.0058,0.0127,-4.0E-4,-3.0E-4,0.0054,2571.0,-27.26,-6.45,-44.28,103.91,1.53,2.44,5.0,6.713,,,,NaN,,,,0 / 25,40013,2018-03-07 13:38:04:687
-0.4229,-0.2851,10.1315,-0.422,-0.2638,9.794,-0.0026,0.0079,-0.0027,-0.002,1.0E-4,0.002,2950.0,-26.82,-5.96,-44.33,103.91,1.54,2.47,5.0,8.76,,,,NaN,,,,0 / 25,45013,2018-03-07 13:38:09:687
-0.4265,-0.2587,10.1207,-0.4169,-0.2607,9.7943,-0.0037,0.0047,-0.0103,2.0E-4,-2.0E-4,0.002,1962.0,-27.12,-6.4,-44.04,103.89,1.52,2.44,5.0,8.568,,,,NaN,,,,0 / 25,50013,2018-03-07 13:38:14:687
-0.4288,-0.2779,10.1458,-0.4188,-0.2578,9.7943,-0.0024,-0.004,0.0038,-0.0019,0.0017,0.0046,2165.0,-27.66,-6.25,-47.26,103.51,1.51,2.45,5.0,44.261,,,,NaN,,,,0 / 17,55013,2018-03-07 13:38:19:687
-0.43,-0.2851,10.1423,-0.4161,-0.2629,9.7943,0.007,0.0027,0.0019,-0.0022,6.0E-4,0.0023,2057.0,-27.85,-6.69,-47.84,105.37,1.54,2.43,5.0,10.558,,,,NaN,,,,0 / 17,60012,2018-03-07 13:38:24:686
-0.4659,-0.2659,10.0298,-0.4173,-0.2561,9.7944,-0.0089,-0.0074,0.0055,-9.0E-4,7.0E-4,0.0033,1786.0,-27.61,-7.67,-48.09,107.07,1.5,2.44,5.0,37.581,,,,NaN,,,,0 / 17,65013,2018-03-07 13:38:29:687
-0.4632,-0.5804,10.2214,2.1965,2.515,9.2206,0.2169,0.5247,-0.5792,-0.3678,0.6713,0.0661,2883.0,-30.15,-10.5,-45.01,82.78,-14.86,-13.4,5.0,39.632,,,,NaN,,,,0 / 17,70013,2018-03-07 13:38:34:687
-1.2747,-0.7828,10.1052,-1.2045,-0.7603,9.7027,0.0144,-0.0014,0.0028,-3.0E-4,-0.0015,0.0038,2943.0,-20.92,-6.16,-46.09,109.37,4.45,7.08,5.0,53.024,,,,NaN,,,,0 / 17,75013,2018-03-07 13:38:39:687
-1.2556,-0.7816,10.1124,-1.2132,-0.7557,9.7019,0.0194,-0.0229,-0.014,-1.0E-4,0.0,-9.0E-4,2903.0,-20.82,-6.11,-46.09,109.3,4.42,7.13,5.0,8.61,,,,NaN,,,,0 / 17,80013,2018-03-07 13:38:44:687
-1.2663,-0.7935,10.1255,-1.2145,-0.7629,9.7012,-0.0164,-0.0214,-5.0E-4,0.0011,1.0E-4,0.001,2010.0,-21.26,-5.81,-49.7,109.61,4.46,7.14,5.0,27.456,,,,NaN,,,,0 / 17,85013,2018-03-07 13:38:49:687
-1.2687,-0.7959,10.1303,-1.2171,-0.7685,9.7004,0.0016,-0.0045,-0.0047,-0.0015,0.0026,0.002,1590.0,-21.11,-4.69,-46.48,107.46,4.49,7.15,5.0,26.01,,,,NaN,,,,0 / 17,90013,2018-03-07 13:38:54:687
-1.2651,-0.8079,10.0836,-1.2229,-0.7647,9.7,-0.0023,-0.0099,-0.0137,-0.0014,2.0E-4,0.0042,1529.0,-21.01,-4.89,-45.06,107.34,4.47,7.19,5.0,14.969,,,,NaN,,,,0 / 17,95013,2018-03-07 13:38:59:687
-1.2532,-0.8223,10.1124,-1.2214,-0.7619,9.7004,-0.011,-0.0163,-0.0163,-9.0E-4,0.0015,0.0025,1489.0,-21.11,-3.96,-46.43,105.42,4.46,7.18,5.0,4.88,,,,NaN,,,,0 / 17,100013,2018-03-07 13:39:04:687
-1.252,-0.7768,10.0765,-1.212,-0.7593,9.7018,0.0282,7.0E-4,-0.0073,0.0,1.0E-4,0.0028,1482.0,-20.53,-4.45,-45.16,105.33,4.44,7.12,5.0,31.908,,,,NaN,,,,0 / 17,105012,2018-03-07 13:39:09:686
-0.4135,-0.7655,10.0921,-0.3761,-0.7339,9.7719,-0.0222,0.001,-0.0057,-6.0E-4,-0.0016,0.0013,1448.0,-26.19,-4.89,-44.47,106.51,4.29,2.2,5.0,7.349,,,,NaN,,,,0 / 17,110013,2018-03-07 13:39:14:687
-0.4324,-0.7768,10.1231,-0.4037,-0.7329,9.7709,-0.004,-0.0064,-0.0041,6.0E-4,-0.0013,2.0E-4,1401.0,-26.04,-3.96,-44.28,104.51,4.29,2.37,5.0,4.382,,,,NaN,,,,0 / 17,115013,2018-03-07 13:39:19:687
-0.4169,-0.7493,10.1363,-0.4033,-0.7258,9.7714,-0.0076,0.0156,-0.0049,-6.0E-4,-1.0E-4,0.002,1414.0,-26.39,-4.06,-47.31,104.82,4.24,2.36,5.0,7.23,,,,NaN,,,,0 / 17,120013,2018-03-07 13:39:24:687
-0.4073,-0.7517,10.1662,-0.4014,-0.7363,9.7707,0.0,0.0203,-0.0108,-7.0E-4,0.0024,-0.0014,1401.0,-25.7,-3.96,-44.23,104.55,4.31,2.35,5.0,31.01,,,,NaN,,,,0 / 17,125014,2018-03-07 13:39:29:688
-0.4324,-0.7636,10.1171,-0.3989,-0.7293,9.7714,-0.0077,0.0079,-0.0064,0.0014,-0.002,-7.0E-4,1414.0,-25.95,-3.13,-44.33,102.55,4.26,2.34,5.0,42.768,,,,NaN,,,,0 / 17,130013,2018-03-07 13:39:34:687
-0.4109,-0.7672,10.1339,-0.4002,-0.7377,9.7707,0.0193,0.0055,0.0335,3.0E-4,-0.0014,0.0018,1421.0,-25.75,-3.62,-44.13,104.56,4.31,2.35,5.0,12.689,,,,NaN,,,,0 / 17,135013,2018-03-07 13:39:39:687
-0.4217,-0.76,10.1147,-0.4095,-0.7455,9.7697,0.034,0.005,0.0017,6.0E-4,-0.0017,-3.0E-4,1414.0,-25.51,-3.37,-45.11,102.79,4.36,2.4,5.0,9.442,,,,NaN,,,,0 / 17,140014,2018-03-07 13:39:44:688
-0.4229,-0.7565,10.1387,-0.3995,-0.7401,9.7705,-0.0037,-0.0054,-0.0096,-1.0E-4,0.001,0.0,1428.0,-25.16,-4.2,-44.18,105.11,4.33,2.34,5.0,9.941,,,,NaN,,,,0 / 17,145013,2018-03-07 13:39:49:687
-0.4241,-0.7636,10.104,-0.4052,-0.7284,9.7712,0.0073,0.007,-0.0015,0.0011,3.0E-4,-7.0E-4,1421.0,-25.02,-3.86,-44.28,104.99,4.26,2.37,5.0,28.081,,,,NaN,,,,0 / 17,150013,2018-03-07 13:39:54:687
-0.3989,-0.7541,10.0992,-0.4009,-0.7345,9.7709,-0.0476,0.0107,-0.1473,-0.0019,-0.0024,0.0,1421.0,-24.29,-3.52,-44.18,105.62,4.3,2.35,5.0,5.707,,,,NaN,,,,0 / 17,155013,2018-03-07 13:39:59:687
-0.4049,-0.7744,10.1195,-0.4039,-0.7317,9.771,-0.0032,-0.0066,-0.0235,-0.0028,0.0,0.0018,1523.0,-24.33,-3.76,-43.89,105.58,4.28,2.37,5.0,5.248,,,,NaN,,,,0 / 17,160012,2018-03-07 13:40:04:686
-0.4157,-0.7505,10.0956,-0.4006,-0.7297,9.7713,0.02,-0.0106,0.033,-3.0E-4,-3.0E-4,2.0E-4,1516.0,-24.33,-3.81,-43.79,105.58,4.27,2.35,5.0,4.665,,,,NaN,,,,0 / 16,165013,2018-03-07 13:40:09:687
-0.4252,-0.7541,10.1411,-0.4031,-0.7374,9.7706,0.0033,-0.0038,0.0034,-0.0014,0.0013,9.0E-4,1502.0,-24.14,-4.35,-44.13,105.64,4.31,2.36,5.0,4.037,,,,NaN,,,,0 / 16,170013,2018-03-07 13:40:14:687
-0.4121,-0.7505,10.0836,-0.3989,-0.7293,9.7714,0.0025,0.0139,0.0099,9.0E-4,-5.0E-4,-6.0E-4,1496.0,-23.94,-3.42,-44.28,103.54,4.31,2.41,5.0,19.737,,,,NaN,,,,0 / 16,175013,2018-03-07 13:40:19:687
-0.3953,-0.7576,10.0896,-0.4006,-0.7287,9.7713,-0.0054,0.0263,0.0409,-0.002,4.0E-4,0.0014,1482.0,-23.85,-3.67,-44.57,105.72,4.28,2.38,5.0,5.067,,,,NaN,,,,0 / 16,180013,2018-03-07 13:40:24:687
-0.4193,-0.7624,10.1076,-0.4009,-0.7419,9.7703,0.0022,-0.0124,-8.0E-4,-0.0014,-8.0E-4,0.0022,1482.0,-23.85,-3.76,-44.18,105.64,4.32,2.39,5.0,4.92,,,,NaN,,,,0 / 16,185013,2018-03-07 13:40:29:687
-0.3941,-0.7648,10.0789,-0.4038,-0.7367,9.7706,0.0047,0.0159,5.0E-4,-0.0016,0.0018,0.003,1482.0,-24.73,-4.1,-46.43,105.33,4.31,2.35,5.0,8.07,,,,NaN,,,,0 / 16,190013,2018-03-07 13:40:34:687
-0.4061,-0.7768,10.0442,-0.3978,-0.7447,9.7702,-0.0041,-0.0228,-0.0053,0.0013,-0.0013,8.0E-4,1475.0,-23.99,-3.37,-45.94,103.85,4.32,2.34,5.0,5.377,,,,NaN,,,,0 / 16,195013,2018-03-07 13:40:39:687
-0.3989,-0.7397,10.0824,-0.4028,-0.7335,9.7709,0.0038,-0.0088,0.0069,-0.0013,-6.0E-4,9.0E-4,1482.0,-23.65,-3.52,-43.94,105.67,4.34,2.4,5.0,9.348,,,,NaN,,,,0 / 16,200012,2018-03-07 13:40:44:686
-0.4097,-0.7636,10.0657,-0.4031,-0.7373,9.7706,-0.0152,0.0044,0.0129,-0.0036,-5.0E-4,0.0014,1455.0,-24.29,-3.37,-45.55,103.88,4.35,2.39,5.0,26.934,,,,NaN,,,,0 / 16,205013,2018-03-07 13:40:49:687
-0.3941,-0.7648,10.0932,-0.3989,-0.7349,9.7709,0.0018,0.0112,-0.0043,-0.0025,5.0E-4,0.0023,1455.0,-23.65,-2.79,-44.33,103.51,4.28,2.38,5.0,50.51,,,,NaN,,,,0 / 16,210013,2018-03-07 13:40:54:687
-0.4085,-0.7732,10.0549,-0.3993,-0.7395,9.7706,0.0054,-0.0112,-0.01,8.0E-4,0.0012,0.0016,1435.0,-23.8,-3.47,-44.33,103.51,4.27,2.33,5.0,56.279,,,,NaN,,,,0 / 16,215013,2018-03-07 13:40:59:687
-0.4288,-0.7612,10.0812,-0.4041,-0.7345,9.7707,-0.0118,-0.0032,-0.0025,-1.0E-4,0.0011,0.0011,1441.0,-23.21,-2.93,-44.91,104.12,4.25,2.38,5.0,51.592,,,,NaN,,,,0 / 16,220013,2018-03-07 13:41:04:687
-0.4193,-0.7612,10.0633,-0.399,-0.7362,9.7708,-0.0079,-0.0023,-0.0094,-0.003,-5.0E-4,-6.0E-4,1428.0,-24.58,-2.93,-47.75,103.59,4.3,2.34,5.0,18.983,,,,NaN,,,,0 / 16,225013,2018-03-07 13:41:09:687
-0.4145,-0.7612,10.0992,-0.4027,-0.7302,9.7711,0.0055,0.0023,-0.0118,-1.0E-4,0.0011,0.001,1414.0,-23.26,-3.03,-44.38,104.07,4.3,2.35,5.0,42.848,,,,NaN,,,,0 / 16,230013,2018-03-07 13:41:14:687
-0.4001,-0.7517,10.1327,-0.4032,-0.735,9.7708,0.015,-0.0455,0.0923,-0.0011,0.001,3.0E-4,1414.0,-23.7,-3.03,-44.67,103.67,4.3,2.36,5.0,46.081,,,,NaN,,,,0 / 16,235013,2018-03-07 13:41:19:687
-0.4181,-0.772,10.0789,-0.4016,-0.728,9.7713,-0.0036,0.0032,0.0261,-0.0018,-0.0015,1.0E-4,1414.0,-23.75,-2.59,-44.67,103.65,4.28,2.35,5.0,30.283,,,,NaN,,,,0 / 16,240012,2018-03-07 13:41:24:686
-0.4193,-0.7277,10.0932,-0.3999,-0.7281,9.7714,0.0052,0.0102,-0.0079,0.001,0.0018,-6.0E-4,1414.0,-24.53,-2.05,-48.58,101.67,4.28,2.33,5.0,9.277,,,,NaN,,,,0 / 16,245013,2018-03-07 13:41:29:687
-0.4265,-0.7529,10.0573,-0.405,-0.7411,9.7702,-0.0139,-0.0204,-0.0394,-4.0E-4,1.0E-4,-1.0E-4,1441.0,-23.8,-1.86,-44.67,101.57,4.3,2.36,5.0,13.115,,,,NaN,,,,0 / 16,250013,2018-03-07 13:41:34:687
-0.4348,-0.7864,10.0442,-0.4006,-0.736,9.7708,-0.0016,0.0058,-0.0328,0.0021,0.0014,-0.0014,1435.0,-23.75,-3.32,-48.72,104.18,4.26,2.3,5.0,4.438,,,,NaN,,,,0 / 16,255014,2018-03-07 13:41:39:688
-0.4193,-0.7349,10.0501,-0.3994,-0.7303,9.7713,-0.0055,-0.0176,-0.0055,-0.0038,-0.003,0.001,1394.0,-23.8,-1.81,-45.79,101.71,4.29,2.32,5.0,5.11,,,,NaN,,,,0 / 16,260014,2018-03-07 13:41:44:688
-0.4217,-0.7517,10.1076,-0.4007,-0.7303,9.7712,-0.0077,-0.0233,-0.0212,-8.0E-4,-0.0015,0.0032,1320.0,-23.6,-1.22,-44.77,99.42,4.28,2.32,5.0,10.367,,,,NaN,,,,0 / 16,265013,2018-03-07 13:41:49:687
-0.4121,-0.7588,10.0513,-0.4014,-0.7363,9.7707,-0.0317,-0.0066,-0.0607,-7.0E-4,0.001,-0.0012,1313.0,-24.04,-1.47,-44.67,99.46,4.32,2.38,5.0,13.254,,,,NaN,,,,0 / 16,270013,2018-03-07 13:41:54:687
-0.4109,-0.7672,10.0777,-0.3994,-0.7261,9.7716,0.0011,0.0191,-0.013,8.0E-4,0.001,0.002,1293.0,-24.04,-1.27,-44.91,99.46,4.31,2.35,5.0,4.514,,,,NaN,,,,0 / 16,275013,2018-03-07 13:41:59:687
-0.4097,-0.7696,10.0681,-0.4014,-0.7229,9.7717,-0.0116,0.0125,-0.0209,0.0017,-0.0013,5.0E-4,1279.0,-23.7,-1.08,-44.82,99.37,4.26,2.34,5.0,5.731,,,,NaN,,,,0 / 16,280014,2018-03-07 13:42:04:688
-0.4133,-0.8043,10.0693,-0.3981,-0.718,9.7722,0.003,0.0148,0.0505,0.0012,-7.0E-4,7.0E-4,1279.0,-23.7,-0.83,-44.91,99.38,4.26,2.32,5.0,5.737,,,,NaN,,,,0 / 16,285013,2018-03-07 13:42:09:687
-0.4037,-0.7541,10.0489,-0.4076,-0.7318,9.7708,0.0149,0.0057,-0.0188,-2.0E-4,8.0E-4,0.001,1259.0,-23.85,-0.74,-46.18,99.5,4.24,2.31,5.0,5.761,,,,NaN,,,,0 / 16,290013,2018-03-07 13:42:14:687
-0.4157,-0.7421,10.0968,-0.4039,-0.7225,9.7717,-0.0099,-0.005,-0.0305,0.0028,-0.0019,4.0E-4,1252.0,-23.5,-1.08,-44.77,99.38,4.26,2.34,5.0,6.102,,,,NaN,,,,0 / 16,295013,2018-03-07 13:42:19:687
-0.4193,-0.7828,10.0561,-0.4042,-0.7278,9.7712,-0.0136,-0.0183,-0.023,-1.0E-4,0.0031,4.0E-4,1259.0,-23.55,-0.98,-44.96,99.28,4.2,2.35,5.0,20.623,,,,NaN,,,,0 / 16,300012,2018-03-07 13:42:24:686
-0.4013,-0.7565,10.0274,-0.3982,-0.7313,9.7712,-0.0025,-0.0257,-0.0033,-3.0E-4,2.0E-4,-0.0016,1238.0,-23.31,-1.22,-45.26,99.79,4.29,2.4,5.0,4.483,,,,NaN,,,,0 / 16,305013,2018-03-07 13:42:29:687
-0.4229,-0.7565,9.8922,-0.4042,-0.7407,9.7703,-0.0187,-0.0152,-0.0826,5.0E-4,0.0,5.0E-4,1225.0,-24.43,-1.57,-48.63,102.12,4.29,2.38,5.0,11.246,,,,NaN,,,,0 / 16,310013,2018-03-07 13:42:34:687
-0.4145,-0.766,10.0286,-0.3981,-0.7354,9.7709,-0.0015,-0.0072,-0.0054,-2.0E-4,-0.0016,5.0E-4,1205.0,-23.65,-0.88,-44.87,99.35,4.25,2.35,5.0,3.683,,,,NaN,,,,0 / 16,315014,2018-03-07 13:42:39:688
-0.4061,-0.7289,10.0298,-0.4051,-0.7296,9.7711,-0.0114,-0.0103,0.007,-0.0013,9.0E-4,4.0E-4,1211.0,-23.26,-0.49,-44.72,97.51,4.27,2.37,5.0,3.793,,,,NaN,,,,0 / 16,320014,2018-03-07 13:42:44:688
-0.4181,-0.7433,10.0729,-0.3954,-0.7269,9.7717,-0.0126,-0.0173,-0.019,-0.0026,0.0021,8.0E-4,1191.0,-23.31,-1.76,-44.96,101.97,4.25,2.32,5.0,4.105,,,,NaN,,,,0 / 16,325013,2018-03-07 13:42:49:687
-0.4276,-0.7517,10.0358,-0.4034,-0.7333,9.7709,-0.0027,-0.0142,-0.0076,-5.0E-4,-0.0017,0.0011,1198.0,-23.6,-0.2,-44.91,97.25,4.29,2.36,5.0,3.973,,,,NaN,,,,0 / 16,330013,2018-03-07 13:42:54:687
-0.4109,-0.7469,10.0501,-0.4076,-0.7252,9.7713,0.0035,0.0088,-0.0063,4.0E-4,9.0E-4,0.0032,1178.0,-23.11,-1.57,-44.96,101.92,4.24,2.39,5.0,3.824,,,,NaN,,,,0 / 16,335013,2018-03-07 13:42:59:687
-0.4061,-0.7552,10.0143,-0.4044,-0.7263,9.7714,0.0,0.0093,0.0398,0.0014,5.0E-4,-2.0E-4,1171.0,-22.92,-1.61,-45.06,101.94,4.25,2.37,5.0,20.107,,,,NaN,,,,0 / 16,340012,2018-03-07 13:43:04:686
-0.3929,-0.7457,10.0083,-0.4052,-0.7254,9.7714,-0.0246,0.0078,0.0028,-6.0E-4,9.0E-4,-0.0011,1164.0,-24.04,-1.32,-48.72,99.91,4.24,2.37,5.0,13.039,,,,NaN,,,,0 / 16,345013,2018-03-07 13:43:09:687
-0.4229,-0.7385,10.0418,-0.3981,-0.7314,9.7712,0.0111,0.0079,0.0238,-0.0019,-0.0014,5.0E-4,1171.0,-23.36,-0.74,-46.38,99.94,4.28,2.33,5.0,4.892,,,,NaN,,,,0 / 16,350014,2018-03-07 13:43:14:688
-0.3965,-0.7469,10.037,-0.4017,-0.7295,9.7712,0.0099,0.0056,0.0049,0.0017,-3.0E-4,-5.0E-4,1157.0,-23.31,-0.54,-46.09,99.91,4.27,2.35,5.0,5.372,,,,NaN,,,,0 / 16,355013,2018-03-07 13:43:19:687
-0.43,-0.778,10.0513,-0.401,-0.727,9.7714,0.013,0.0214,0.0583,-2.0E-4,-4.0E-4,-1.0E-4,1157.0,-23.26,-1.03,-48.38,100.19,4.25,2.35,5.0,6.924,,,,NaN,,,,0 / 16,360013,2018-03-07 13:43:24:687
-0.4073,-0.7612,10.0286,-0.4028,-0.7316,9.771,0.003,1.0E-4,-0.0109,-6.0E-4,-4.0E-4,0.0018,1164.0,-23.16,-0.49,-44.91,97.53,4.28,2.36,5.0,5.78,,,,NaN,,,,0 / 16,365013,2018-03-07 13:43:29:687
-0.4265,-0.76,9.9951,-0.4013,-0.7326,9.771,0.0073,-0.0159,0.0022,-9.0E-4,-8.0E-4,-0.0021,1144.0,-23.36,-1.32,-46.33,99.94,4.28,2.35,5.0,4.3,,,,NaN,,,,0 / 16,370013,2018-03-07 13:43:34:687
-0.4205,-0.7361,10.0083,-0.4012,-0.7361,9.7708,-0.001,-0.0022,-0.0267,-0.0017,0.0029,-4.0E-4,1137.0,-22.72,-0.15,-45.3,97.58,4.3,2.35,5.0,4.226,,,,NaN,,,,0 / 16,375013,2018-03-07 13:43:39:687
-0.4073,-0.7385,10.0035,-0.4077,-0.7352,9.7706,0.0117,5.0E-4,0.0271,0.0032,-8.0E-4,0.0014,1123.0,-22.87,-0.78,-45.3,99.81,4.3,2.39,5.0,5.424,,,,NaN,,,,0 / 16,380012,2018-03-07 13:43:44:686
-0.4001,-0.7481,10.0262,-0.4104,-0.7308,9.7708,-0.0137,0.0067,-0.0068,-0.001,-7.0E-4,-7.0E-4,1123.0,-22.92,0.29,-45.21,97.51,4.27,2.41,5.0,10.273,,,,NaN,,,,0 / 16,385013,2018-03-07 13:43:49:687
-0.3977,-0.772,10.0238,-0.4032,-0.7395,9.7704,-0.0202,-0.0054,-0.0348,-0.0018,0.0012,0.0018,1110.0,-23.36,-0.3,-46.77,97.93,4.32,2.36,5.0,8.183,,,,NaN,,,,0 / 16,390013,2018-03-07 13:43:54:687
-0.4252,-0.7756,10.0143,-0.4044,-0.7376,9.7705,0.0157,0.0165,0.008,-0.0028,0.001,-9.0E-4,1117.0,-22.82,-0.44,-45.26,97.59,4.31,2.37,5.0,4.273,,,,NaN,,,,0 / 16,395013,2018-03-07 13:43:59:687
-0.4157,-0.7349,10.0442,-0.4078,-0.7416,9.7701,0.012,-0.0045,-0.0073,-0.0034,-6.0E-4,4.0E-4,1096.0,-22.53,0.05,-45.35,97.62,4.34,2.39,5.0,8.687,,,,NaN,,,,0 / 16,400013,2018-03-07 13:44:04:687
1.8146,-1.3342,10.29,2.0944,-1.7635,9.4167,1.3038,-1.4703,3.7111,-0.3611,-1.9695,-1.6797,792.0,16.83,-11.97,-19.96,235.02,10.36,-12.54,5.0,20.68,,,,NaN,,,,0 / 16,405013,2018-03-07 13:44:09:687
5.1964,-15.8818,0.6941,-1.9836,-9.3881,-2.0245,-1.9407,-2.2161,-3.3808,-2.2105,-1.0008,1.5257,12.0,22.74,34.71,2.5,108.16,66.85,127.7,0.0,37.307,,,,NaN,,,,0 / 16,410014,2018-03-07 13:44:14:688
-0.0974,-11.0803,0.5183,1.4586,-9.4925,-1.9836,0.3413,-0.0246,0.6242,0.2556,-1.8168,-0.4413,12.0,-36.59,56.69,13.87,106.14,85.59,-43.03,0.0,34.435,,,,NaN,,,,0 / 16,415014,2018-03-07 13:44:19:688
1.4376,-9.4245,3.5991,1.1328,-9.6827,1.0645,-0.4419,0.3609,-0.6468,0.6292,1.5803,0.8997,12.0,-11.93,55.42,-11.22,312.11,84.08,-164.72,0.0,32.818,,,,NaN,,,,0 / 16,420014,2018-03-07 13:44:24:688
6.7676,-13.0256,3.2916,0.1652,-9.7465,-1.0715,1.7202,-5.5982,-1.2508,-1.1587,0.9874,1.5231,12.0,-19.4,106.1,-19.28,344.33,70.77,170.47,0.0,41.272,,,,NaN,,,,0 / 16,425013,2018-03-07 13:44:29:687
-1.0773,-10.1315,-0.7798,1.1752,-9.7054,0.7709,-1.5854,-0.1942,0.3239,0.1813,-0.698,-0.1381,12.0,18.98,79.93,18.17,60.3,75.97,-147.26,0.0,27.018,,,,NaN,,,,0 / 16,430012,2018-03-07 13:44:34:686
3.6174,-6.9168,2.7305,1.7119,-9.6202,0.832,-3.0547,-0.4202,1.4349,0.9845,-2.3891,-0.3636,12.0,21.51,61.18,24.37,333.73,81.23,-9.23,0.0,48.192,,,,NaN,,,,0 / 16,435013,2018-03-07 13:44:39:687
3.0072,-9.7343,0.6081,1.8283,-9.5064,1.5672,0.1845,0.0033,0.28,-0.0223,-0.2519,0.1604,12.0,-27.85,40.21,-14.13,131.07,78.17,-26.64,0.0,29.501,,,,NaN,,,,0 / 16,440013,2018-03-07 13:44:44:687
4.0517,-9.2653,2.0174,3.4323,-8.7242,2.8773,0.1124,0.0272,0.051,0.0361,0.158,-0.0164,12.0,-30.44,35.82,-18.77,206.43,62.07,-68.88,0.0,47.328,,,,NaN,,,,0 / 16,445014,2018-03-07 13:44:49:688
2.8661,-10.1399,1.8511,2.1802,-9.1582,2.7467,0.2757,0.1076,0.2087,0.4904,0.5565,0.0693,12.0,-19.79,43.3,-17.77,285.66,70.58,-121.87,0.0,47.272,,,,NaN,,,,0 / 16,450014,2018-03-07 13:44:54:688
4.7492,-9.3443,-1.4342,2.0747,-9.5796,-0.3113,0.5495,0.1087,-0.4406,0.0941,-0.1361,0.1362,12.0,-32.15,43.13,-4.48,155.6,67.31,-72.59,0.0,41.091,,,,NaN,,,,0 / 16,455013,2018-03-07 13:44:59:687
1.4675,-10.2691,-0.9903,3.0955,-9.2964,-0.4069,-0.4165,-0.285,-0.9647,0.1472,-0.6663,0.0418,12.0,-29.97,44.09,-6.43,204.92,75.23,-93.94,0.0,52.384,,,,NaN,,,,0 / 16,460013,2018-03-07 13:45:04:687
-3.4103,-11.4739,3.2294,0.4621,-9.1442,-3.513,-2.1735,-0.1732,0.58,1.5206,-0.9818,0.1083,12.0,-55.39,41.08,27.13,253.53,64.5,-170.35,0.0,53.543,,,,NaN,,,,0 / 16,465013,2018-03-07 13:45:09:687
4.0074,-9.026,3.1971,1.4701,-9.3971,-2.3884,-0.3549,0.3017,2.1096,-0.5195,0.6119,-0.1712,12.0,-11.42,90.1,41.49,78.98,79.91,-85.52,0.0,40.309,,,,NaN,,,,0 / 16,470013,2018-03-07 13:45:14:687
1.9173,-10.098,-0.117,1.7484,-9.5623,-1.2947,0.0195,0.5588,0.2106,-0.1448,0.0267,-0.0044,12.0,-33.77,57.07,65.34,101.04,78.89,-82.24,0.0,44.123,,,,NaN,,,,0 / 16,475013,2018-03-07 13:45:19:687
1.3143,-10.2906,-1.3624,1.2708,-9.682,-0.9028,0.0876,0.1459,0.2549,-0.0018,-0.1688,0.0621,12.0,-54.57,60.47,55.18,130.38,80.62,-91.3,0.0,41.914,,,,NaN,,,,0 / 16,480013,2018-03-07 13:45:24:687
1.5034,-10.1902,1.4312,1.3721,-9.6122,1.3761,0.018,0.0,-0.0265,-0.0048,-0.0282,-0.0024,12.0,-41.96,64.78,52.82,61.84,77.99,-33.25,0.0,48.449,,,,NaN,,,,0 / 23,485012,2018-03-07 13:45:29:686
5.8535,-9.5872,0.2719,3.5449,-9.0056,-1.5819,-0.0202,-0.3211,0.3242,1.0879,-1.3148,0.7533,12.0,-8.09,69.83,61.55,104.05,76.46,-112.23,0.0,48.725,,,,NaN,,,,0 / 23,490013,2018-03-07 13:45:34:687
2.6998,-0.2252,14.3584,0.7045,6.8019,7.0291,0.3946,-2.7675,1.19,1.3181,-0.9335,-0.0605,114.0,12.37,51.55,17.21,42.08,67.89,-115.79,5.0,23.04,37.299553,-79.29736,0.0,NaN,0.0,697248.4,81.0,0 / 23,495012,2018-03-07 13:45:39:686
1.5416,4.8751,7.5389,1.0596,4.6857,8.5494,-0.4937,-0.2266,0.0185,0.1784,-0.2726,0.3891,210.0,6.82,-35.16,-11.81,195.44,-23.47,-2.83,5.0,4.494,37.299553,-79.29736,0.0,NaN,0.0,697248.4,81.0,0 / 23,500013,2018-03-07 13:45:44:687
0.752,4.0041,8.9805,-0.0108,4.2393,8.843,0.146,0.153,0.2574,-0.0504,-0.1174,-0.0984,244.0,-5.44,-42.78,-3.56,172.14,-25.8,1.64,5.0,40.85,37.299553,-79.29736,0.0,NaN,0.0,697248.4,81.0,0 / 23,505013,2018-03-07 13:45:49:687
0.5331,4.1118,8.5259,0.5387,5.1273,8.3421,0.3419,0.036,0.1812,-0.2272,-0.272,0.0404,230.0,-21.55,-41.6,-0.29,149.94,-22.59,-7.19,5.0,41.376,37.299553,-79.29736,0.0,NaN,0.0,697248.4,81.0,1 / 23,510013,2018-03-07 13:45:54:687
-2.8755,-10.1626,1.637,1.943,-9.4497,1.7602,-0.3316,-0.6194,0.2706,-0.2593,0.7271,-0.3535,278.0,22.3,47.98,4.19,301.79,60.21,65.81,0.0,30.536,37.299553,-79.29736,0.0,NaN,0.0,697248.4,81.0,1 / 23,515013,2018-03-07 13:45:59:687
2.2356,-9.2234,0.9586,1.1454,-9.6394,1.393,-1.4749,-0.4059,0.7543,0.3241,0.1249,0.1228,278.0,-1.87,66.46,54.58,44.94,82.85,-48.71,0.0,28.184,37.299553,-79.29736,0.0,NaN,0.0,697248.4,81.0,1 / 23,520013,2018-03-07 13:46:04:687
1.7175,-10.2572,-0.903,1.352,-9.5933,-1.5204,0.7233,0.258,0.3948,0.3699,-0.1816,-0.4486,278.0,22.06,68.07,-2.7,11.08,76.27,-116.58,0.0,42.6,37.299553,-79.29736,0.0,NaN,0.0,697248.4,81.0,1 / 23,525013,2018-03-07 13:46:09:687
2.9127,-10.1124,-0.1541,2.0184,-9.4833,1.4711,-0.1047,0.0906,0.0632,0.2093,-0.1372,0.1,278.0,-3.04,63.29,-29.9,307.11,74.77,-107.21,0.0,33.407,37.299553,-79.29736,0.0,NaN,0.0,697248.4,81.0,1 / 23,530013,2018-03-07 13:46:14:687
2.366,-9.8432,-1.1878,2.261,-9.4426,-1.3767,0.2106,0.0187,0.0347,-0.068,-0.2111,-0.3172,278.0,-12.56,65.05,-23.7,292.0,75.45,-106.33,0.0,40.582,37.299553,-79.29736,0.0,NaN,0.0,697248.4,81.0,1 / 23,535012,2018-03-07 13:46:19:686
2.3373,-9.9234,-1.4557,1.816,-9.6324,-0.2992,0.3821,0.1857,-0.3089,0.2649,-0.4721,0.1157,278.0,-10.17,65.49,-23.79,231.02,78.42,-49.81,0.0,37.096,37.299553,-79.29736,0.0,NaN,0.0,697248.4,81.0,1 / 23,540012,2018-03-07 13:46:24:686
1.6409,-10.0227,2.4529,1.677,-9.6622,0.0052,0.0455,0.024,0.0699,-0.1228,0.1812,-0.0458,278.0,-17.74,58.6,-34.63,241.45,79.89,-74.76,0.0,45.346,37.299553,-79.29736,0.0,NaN,0.0,697248.4,81.0,1 / 16,545012,2018-03-07 13:46:29:686
1.5153,-10.1973,2.0952,1.3301,-9.6013,1.489,0.0651,-0.0667,0.0083,0.1965,-0.1365,0.0236,278.0,-14.9,47.32,-11.1,298.75,73.4,-132.72,0.0,37.958,37.299553,-79.29736,0.0,NaN,0.0,697248.4,81.0,1 / 16,550013,2018-03-07 13:46:34:687
-2.2282,-11.103,3.2426,2.6221,-9.3797,-1.1473,0.8884,0.0165,0.9833,-0.4588,0.9141,0.3557,278.0,7.51,77.16,-16.91,24.7,73.96,152.9,0.0,43.252,37.299553,-79.29736,0.0,NaN,0.0,697248.4,81.0,1 / 16,555013,2018-03-07 13:46:39:687
-0.3726,-10.1626,2.6934,0.4391,-9.5871,2.0162,-0.6701,-0.0102,0.2404,-0.199,-1.0416,-0.0318,278.0,34.7,53.82,-23.11,55.4,76.13,167.04,0.0,53.151,37.299553,-79.29736,0.0,NaN,0.0,697248.4,81.0,1 / 16,560013,2018-03-07 13:46:44:687
0.1275,-10.3935,2.2471,0.2088,-9.7046,1.3957,-0.8087,-0.3468,0.2489,-1.8609,-0.6631,-0.2463,278.0,5.55,67.93,-47.38,335.21,79.41,-141.94,0.0,49.541,37.299553,-79.29736,0.0,NaN,0.0,697248.4,81.0,1 / 16,565012,2018-03-07 13:46:49:686
3.4631,-11.7204,2.4828,-0.1863,-9.0651,-3.7364,4.3506,3.924,7.6347,1.4919,-0.5492,-1.3366,278.0,-42.05,33.99,-2.65,244.42,85.62,-147.08,0.0,53.55,37.299553,-79.29736,0.0,NaN,0.0,697248.4,81.0,1 / 16,570013,2018-03-07 13:46:54:687
2.4174,-10.7262,-7.2093,3.458,-9.0494,1.5235,-10.2093,-3.6446,-0.9041,0.4904,2.0372,0.5317,278.0,51.5,94.05,-72.18,21.68,67.4,-173.05,0.0,48.162,37.299553,-79.29736,0.0,NaN,0.0,697248.4,81.0,1 / 16,575013,2018-03-07 13:46:59:687
-7.9997,-15.4388,3.6745,1.332,-9.6557,-1.0788,-8.6215,-3.2361,3.2633,-1.4223,1.0546,0.0409,278.0,-13.93,39.17,40.95,171.6,67.35,-156.29,0.0,23.493,37.299553,-79.29736,0.0,NaN,0.0,697248.4,81.0,1 / 16,580013,2018-03-07 13:47:04:687
-7.8275,-10.8446,-0.4185,1.0396,-9.2906,-2.9623,4.5086,-4.5192,8.0958,0.7461,1.2241,0.5203,278.0,-32.34,41.32,11.8,194.5,76.88,-120.78,0.0,50.248,37.299553,-79.29736,0.0,NaN,0.0,697248.4,81.0,1 / 16,585013,2018-03-07 13:47:09:687
2.5036,-7.7196,2.0689,0.9726,-9.5464,-2.0225,-4.0249,-1.173,8.6005,-0.6106,0.782,-0.2958,278.0,11.71,47.96,44.13,97.54,67.31,-139.24,0.0,35.072,37.299553,-79.29736,0.0,NaN,0.0,697248.4,81.0,1 / 16,590012,2018-03-07 13:47:14:686
9.1831,-24.364,-6.6123,0.8342,-8.8487,-4.1442,-1.566,2.7847,8.8693,2.3447,-2.5999,-0.1592,278.0,7.26,38.97,23.23,69.76,76.72,-107.15,0.0,44.893,37.299553,-79.29736,0.0,NaN,0.0,697248.4,81.0,1 / 16,595012,2018-03-07 13:47:19:686
-1.6791,-7.9612,1.7494,2.6469,-9.3251,1.4858,-6.5985,-2.7124,-3.7668,0.1369,1.8768,0.8164,278.0,-26.57,62.7,-0.7,301.59,74.2,-176.69,0.0,43.091,37.299553,-79.29736,0.0,NaN,0.0,697248.4,81.0,1 / 16,600012,2018-03-07 13:47:24:686
-2.6063,-10.8278,-0.8456,0.2247,-9.7805,0.6801,-3.5518,-2.6326,0.9914,0.3266,-0.6267,-0.6597,278.0,-2.94,62.02,-1.63,347.91,74.47,-149.73,0.0,39.786,37.299553,-79.29736,0.0,NaN,0.0,697248.4,81.0,1 / 16,605012,2018-03-07 13:47:29:686
4.017,-18.2779,-16.235,2.2355,-9.3095,2.1227,-5.5212,-3.9129,-5.7072,1.5332,-0.6957,0.7402,278.0,-2.65,50.15,-53.04,358.16,77.72,178.93,0.0,42.118,37.299553,-79.29736,0.0,NaN,0.0,697248.4,81.0,1 / 16,610012,2018-03-07 13:47:34:686
-0.363,-10.0849,1.759,0.7616,-9.7731,0.2789,-0.3986,-1.8288,0.3104,0.0341,-0.1942,-0.0031,278.0,9.07,45.81,10.87,18.1,75.72,-71.26,0.0,31.055,37.299553,-79.29736,0.0,NaN,0.0,697248.4,81.0,1 / 16,615013,2018-03-07 13:47:39:687
-2.5824,-10.7357,3.4232,2.0668,-9.497,-1.3061,0.4141,0.1036,1.1032,0.8997,-0.9115,0.1163,278.0,-2.99,71.69,-27.85,310.05,77.12,-110.6,0.0,48.226,37.299553,-79.29736,0.0,NaN,0.0,697248.4,81.0,1 / 16,620013,2018-03-07 13:47:44:687
-0.3702,-14.6145,-6.0153,0.7038,-9.1455,-3.4692,0.1598,3.1787,1.8712,0.8264,-2.0555,0.7448,278.0,27.58,89.17,52.09,105.12,68.84,-168.53,0.0,49.047,37.299553,-79.29736,0.0,NaN,0.0,697248.4,81.0,1 / 16,625013,2018-03-07 13:47:49:687
-4.9537,-10.7285,8.563,0.4676,-9.5733,-2.0744,4.0357,-8.7513,10.9116,-0.2546,1.5138,1.4901,14.0,8.73,36.73,-3.87,29.85,77.48,-167.3,5.0,48.409,37.299553,-79.29736,0.0,NaN,0.0,697248.4,81.0,1 / 16,630013,2018-03-07 13:47:54:687
2.0106,-7.722,7.43,-4.3277,-8.7421,1.0089,-1.9436,-0.1739,1.7618,-2.3583,3.1607,1.8864,7.0,25.48,53.43,-17.98,96.41,63.06,76.88,0.0,46.09,37.299553,-79.29736,0.0,NaN,0.0,697248.4,81.0,1 / 16,635012,2018-03-07 13:47:59:686
-1.4302,-12.3927,-6.5154,-0.6035,-9.389,-2.7665,-1.9926,-0.3526,4.1725,1.5748,-2.2962,-1.1022,7.0,13.22,34.77,13.27,115.36,73.22,167.69,0.0,51.351,37.299553,-79.29736,0.0,NaN,0.0,697248.4,81.0,0 / 15,640012,2018-03-07 13:48:04:686
1.209,-10.5323,-2.4404,-0.1649,-9.7884,-0.5742,1.2904,0.3827,4.8259,0.4821,-1.9544,-0.02,7.0,-16.32,27.69,23.86,232.45,86.51,163.98,0.0,46.51,37.299553,-79.29736,0.0,NaN,0.0,697248.4,81.0,0 / 15,645013,2018-03-07 13:48:09:687
0.1873,-10.8673,0.5387,-1.1649,-9.3413,-2.7484,-0.5216,-1.1011,-1.266,1.972,-0.9757,0.5339,7.0,-16.96,63.04,1.65,325.31,72.28,157.03,0.0,52.059,37.299553,-79.29736,0.0,NaN,0.0,697248.4,81.0,0 / 15,650013,2018-03-07 13:48:14:687
2.811,4.0292,15.6314,-0.6435,3.1916,9.2504,-0.707,-0.0205,1.1347,-0.291,0.3762,0.2048,217.0,-11.33,-39.62,-15.26,160.11,-18.99,3.98,5.0,54.408,37.299553,-79.29736,0.0,NaN,0.0,697248.4,81.0,0 / 15,655012,2018-03-07 13:48:19:686
-5.3569,-4.2751,6.9347,-9.7168,-1.1131,-0.718,-1.3556,-3.1666,-2.4163,1.3713,1.2384,-3.4598,102.0,6.24,19.3,6.94,340.18,6.52,94.23,0.0,53.795,37.299553,-79.29736,0.0,NaN,0.0,697248.4,81.0,0 / 15,660013,2018-03-07 13:48:24:687
-1.9567,-12.0183,4.4438,-0.3376,-9.7997,0.1503,-1.2979,0.1063,0.3085,1.0507,0.9186,-0.3911,102.0,-9.24,10.32,26.62,312.97,87.84,66.0,0.0,47.299,37.299553,-79.29736,0.0,NaN,0.0,697248.4,81.0,0 / 15,665013,2018-03-07 13:48:29:687
0.1909,-10.3804,-0.4005,1.137,-9.6901,-0.9894,-0.9412,-0.0333,0.1944,0.0011,-0.0817,-0.0091,102.0,3.01,13.2,24.18,119.45,81.16,-131.03,0.0,30.772,37.299553,-79.29736,0.0,NaN,0.0,697248.4,81.0,0 / 15,670013,2018-03-07 13:48:34:687
0.5032,-9.5082,-2.0743,0.9497,-9.5774,-1.882,-0.1746,0.2596,0.1917,0.5061,-0.9814,0.1557,102.0,-9.39,14.81,27.69,169.68,77.59,-153.22,0.0,37.737,37.299553,-79.29736,0.0,NaN,0.0,697248.4,81.0,0 / 15,675013,2018-03-07 13:48:39:687
1.6015,-10.7238,-0.8109,1.2174,-9.577,-1.723,5.8025,-4.4865,5.6715,0.8534,-1.0583,-1.1086,102.0,21.08,4.02,7.72,73.82,77.58,-144.76,0.0,46.271,37.299553,-79.29736,0.0,NaN,0.0,697248.4,81.0,0 / 15,680013,2018-03-07 13:48:44:687
-1.8633,-10.9415,-1.0262,1.3923,-9.5026,-1.9828,3.6843,-2.4662,7.1796,1.1173,-1.9101,-1.6745,102.0,-30.53,43.86,-5.17,265.09,75.7,-144.92,0.0,47.726,37.299553,-79.29736,0.0,NaN,0.0,697248.4,81.0,0 / 15,685013,2018-03-07 13:48:49:687
2.8278,-5.2574,3.5393,-0.8515,-9.2937,-3.012,-2.267,-4.449,-4.2371,0.5903,-0.6638,-1.0048,102.0,11.9,53.97,-8.44,32.63,71.39,164.21,0.0,45.739,37.299553,-79.29736,0.0,NaN,0.0,697248.4,81.0,0 / 15,690013,2018-03-07 13:48:54:687
2.1411,-10.9331,1.2733,1.7874,-9.4468,1.9323,-1.4923,-0.9348,-0.3401,-0.7351,2.5984,1.4499,102.0,-4.6,34.19,10.95,39.25,74.43,-42.77,0.0,42.102,37.299553,-79.29736,0.0,NaN,0.0,697248.4,81.0,0 / 15,695013,2018-03-07 13:48:59:687
2.7081,-10.2117,3.2952,1.0631,-9.6625,1.2946,-1.0976,0.3211,1.6237,-0.4535,2.8757,1.5939,102.0,-14.96,70.72,-8.98,124.91,80.16,-39.39,0.0,37.346,37.299553,-79.29736,0.0,NaN,0.0,697248.4,81.0,0 / 15,700012,2018-03-07 13:49:04:686
0.5187,-10.4366,1.8547,1.7549,-9.3958,2.1932,-2.2789,-0.6678,-1.3641,0.8598,1.1173,0.6776,102.0,-13.64,48.26,17.05,167.74,83.48,-131.36,0.0,42.22,37.299553,-79.29736,0.0,NaN,0.0,697248.4,81.0,0 / 15,705012,2018-03-07 13:49:09:686
3.5827,-15.7738,-9.9299,-0.0705,-8.9794,-3.9415,1.0362,5.0376,4.4655,1.4245,-1.5361,-0.7109,102.0,-7.63,36.88,29.01,36.9,80.28,-28.28,0.0,48.708,37.299553,-79.29736,0.0,NaN,0.0,697248.4,81.0,0 / 15,710012,2018-03-07 13:49:14:686
-4.0934,-13.0161,-2.383,1.6527,-9.5882,1.2271,-2.9034,0.1727,-0.1584,-0.5095,2.493,1.2102,102.0,-73.74,66.67,6.36,266.24,73.97,-165.72,0.0,45.158,37.299553,-79.29736,0.0,NaN,0.0,697248.4,81.0,0 / 15,715013,2018-03-07 13:49:19:687
6.947,-11.8268,-3.8869,1.7718,-9.606,0.8693,-5.7602,-0.8827,-2.4546,1.2271,-0.035,-0.0183,102.0,24.5,52.31,15.59,71.84,77.9,-149.26,0.0,50.045,37.299553,-79.29736,0.0,NaN,0.0,697248.4,81.0,0 / 15,720013,2018-03-07 13:49:24:687
0.4098,-6.9802,-0.9796,0.422,-9.7078,-1.3235,0.9403,-0.9208,4.1506,1.0248,-0.1972,-0.1742,102.0,26.45,80.97,10.7,42.59,81.01,-127.07,0.0,49.63,37.299553,-79.29736,0.0,NaN,0.0,697248.4,81.0,0 / 15,725013,2018-03-07 13:49:29:687
3.4751,-9.6709,0.1965,3.8649,-9.0082,0.2918,-0.6595,-0.1478,0.2517,0.1005,0.1453,0.0428,102.0,-24.18,52.7,-32.9,253.69,80.86,-97.95,0.0,42.467,37.299553,-79.29736,0.0,NaN,0.0,697248.4,81.0,0 / 15,730012,2018-03-07 13:49:34:686
3.9153,-9.0966,3.0105,3.658,-8.9048,1.8695,0.2741,0.0083,-0.2314,0.0131,-0.019,-0.0103,102.0,-33.02,50.7,-31.44,145.54,82.52,-17.32,0.0,25.544,37.299553,-79.29736,0.0,NaN,0.0,697248.4,81.0,0 / 15,735013,2018-03-07 13:49:39:687
4.1929,-8.8992,2.6252,3.9192,-8.618,2.5572,0.0037,0.1197,-0.0033,-0.0079,-0.0268,-0.0107,102.0,-28.04,37.71,-49.6,223.49,60.93,-55.3,0.0,26.789,37.299553,-79.29736,0.0,NaN,0.0,697248.4,81.0,0 / 15,740013,2018-03-07 13:49:44:687
1.9305,-10.5634,0.8306,0.9754,-9.7046,1.0192,0.0049,-0.1297,-0.3176,0.0385,-0.1311,0.187,102.0,-27.94,47.96,-35.05,191.5,82.97,-48.58,0.0,16.856,37.299553,-79.29736,0.0,NaN,0.0,697248.4,81.0,0 / 15,745012,2018-03-07 13:49:49:686
3.1891,-9.8683,1.1488,-0.6085,-9.7007,1.3024,0.1558,-0.1033,0.2255,0.2046,0.1582,-0.3013,102.0,-12.42,51.58,-38.32,250.1,68.05,-56.88,0.0,34.506,37.299553,-79.29736,0.0,NaN,0.0,697248.4,81.0,0 / 15,750012,2018-03-07 13:49:54:686
0.691,-10.2883,1.5999,0.1683,-9.6879,1.5121,0.4028,-0.0321,-0.4169,0.0287,-0.5975,0.0718,102.0,-7.68,52.41,-43.11,198.88,80.66,-25.6,0.0,45.103,37.299553,-79.29736,0.0,NaN,0.0,697248.4,81.0,0 / 15,755013,2018-03-07 13:49:59:687
-1.3668,-10.1579,-3.0219,0.1268,-9.8051,0.1228,-0.0299,-0.5225,0.1789,-0.245,-1.0854,0.2482,102.0,-12.07,61.78,-5.17,356.96,85.2,116.86,0.0,43.759,37.299553,-79.29736,0.0,NaN,0.0,697248.4,81.0,0 / 15,760013,2018-03-07 13:50:04:687
-11.0853,-9.842,-5.4087,-3.8088,-2.6063,-8.6528,-0.8299,-2.1636,0.6636,0.1661,-0.2285,-0.5367,102.0,71.96,5.53,41.66,134.81,66.94,161.87,0.0,35.205,37.299553,-79.29736,0.0,NaN,0.0,697248.4,81.0,0 / 15,765012,2018-03-07 13:50:09:686
-3.725,-3.9724,-8.2298,-3.6431,-3.9501,-8.2033,0.0205,0.0338,-0.002,0.0036,0.0117,-0.0112,102.0,61.61,19.25,53.13,108.91,23.67,156.21,0.0,49.623,37.299553,-79.29736,0.0,NaN,0.0,697248.4,81.0,0 / 15,770012,2018-03-07 13:50:14:686
-3.1878,-3.9198,-8.4548,-3.4262,-3.8447,-8.3457,0.1731,-0.0199,-0.0064,0.0419,-0.0043,-1.0E-4,102.0,62.14,16.91,57.82,110.31,21.78,157.38,0.0,30.608,37.299553,-79.29736,0.0,NaN,0.0,697248.4,81.0,0 / 15,775014,2018-03-07 13:50:19:688
-4.7563,-2.5762,-8.0121,-4.0753,-3.1053,-8.3618,-0.9316,-0.1979,0.0148,0.2733,0.6532,-0.4002,102.0,61.66,10.81,57.87,121.47,24.43,157.94,0.0,37.948,37.299553,-79.29736,0.0,NaN,0.0,697248.4,81.0,0 / 15,780014,2018-03-07 13:50:24:688
-4.2322,-3.4173,-8.2813,-4.1283,-3.3754,-8.2301,0.0638,0.0556,0.0184,-0.0072,-0.0011,0.005,102.0,63.12,25.85,48.2,90.83,20.44,153.24,0.0,17.125,37.299553,-79.29736,0.0,NaN,0.0,697248.4,81.0,0 / 15,785012,2018-03-07 13:50:29:686
-3.9918,-3.8097,-8.4823,-3.96,-3.7081,-8.1694,0.0377,0.0665,0.0226,-0.0129,4.0E-4,0.0309,102.0,63.61,28.92,53.77,88.06,19.83,152.97,0.0,6.887,37.299553,-79.29736,0.0,NaN,0.0,697248.4,81.0,0 / 15,790013,2018-03-07 13:50:34:687
-4.1688,-3.4065,-8.1521,-3.8135,-3.4679,-8.3428,0.8367,-0.0386,0.1696,-0.0067,-0.1143,-0.3475,102.0,63.85,18.42,55.58,115.06,27.49,159.21,0.0,20.478,37.299553,-79.29736,0.0,NaN,0.0,697248.4,81.0,0 / 15,795014,2018-03-07 13:50:39:688
-3.6221,-3.7391,-8.4368,-3.5554,-3.6973,-8.3582,0.0158,0.03,0.0043,0.0146,0.0359,0.0166,102.0,60.92,27.8,53.82,93.74,22.5,156.96,0.0,40.644,37.299553,-79.29736,0.0,NaN,0.0,697248.4,81.0,0 / 15,800013,2018-03-07 13:50:44:687
-3.5634,-3.7235,-8.4452,-3.5508,-3.6839,-8.366,0.0937,0.0152,-0.0086,0.0056,0.0033,0.0035,102.0,61.12,24.43,53.38,98.57,22.32,157.07,0.0,42.69,37.299553,-79.29736,0.0,NaN,0.0,697248.4,81.0,0 / 15,805012,2018-03-07 13:50:49:686
-3.7321,-3.5883,-8.4476,-3.599,-3.5929,-8.385,0.0242,0.0193,-0.0368,0.0233,1.0E-4,-0.0129,102.0,61.8,23.94,57.43,100.53,21.97,156.92,0.0,31.64,37.299553,-79.29736,0.0,NaN,0.0,697248.4,81.0,0 / 15,810013,2018-03-07 13:50:54:687
-3.579,-4.0167,-8.4105,-3.4093,-3.9744,-8.2916,0.0314,0.0119,0.0107,0.0179,-0.0068,-0.061,102.0,60.97,27.26,56.94,99.03,23.3,157.0,0.0,37.123,37.299553,-79.29736,0.0,NaN,0.0,697248.4,81.0,0 / 15,815013,2018-03-07 13:50:59:687
-3.3122,-4.0394,-8.3806,-3.2769,-4.0022,-8.3316,0.0065,0.0163,0.0192,0.0033,0.0019,-0.0015,102.0,59.36,30.63,56.65,91.14,23.08,158.77,0.0,38.62,37.299553,-79.29736,0.0,NaN,0.0,697248.4,81.0,0 / 15,820013,2018-03-07 13:51:04:687
-3.378,-3.9473,-8.3698,-3.3643,-3.9222,-8.3348,-0.0596,-0.0446,-0.0238,0.0022,0.0055,-0.0048,102.0,60.68,25.6,58.16,101.46,23.93,158.5,0.0,38.897,37.299553,-79.29736,0.0,NaN,0.0,697248.4,81.0,0 / 15,825013,2018-03-07 13:51:09:687
-3.3672,-3.8551,-8.426,-3.3466,-3.848,-8.3764,-0.0226,0.0083,0.0102,0.0026,0.0141,-0.0063,102.0,60.53,25.6,58.41,99.76,23.01,158.06,0.0,52.914,37.299553,-79.29736,0.0,NaN,0.0,697248.4,81.0,0 / 15,830013,2018-03-07 13:51:14:687
-3.3242,-3.982,-8.4368,-3.3118,-3.9432,-8.3459,0.0202,-0.0125,-0.0097,0.0183,-0.0125,-0.0051,102.0,60.04,26.19,58.75,100.56,23.25,158.66,0.0,13.031,37.299553,-79.29736,0.0,NaN,0.0,697248.4,81.0,0 / 15,835013,2018-03-07 13:51:19:687
-3.3613,-3.8504,-8.4476,-3.3881,-3.8487,-8.3594,0.0343,0.0214,-0.0125,0.0022,-6.0E-4,0.0022,102.0,60.39,26.43,58.26,99.05,22.79,158.39,0.0,5.43,37.299553,-79.29736,0.0,NaN,0.0,697248.4,81.0,0 / 15,840012,2018-03-07 13:51:24:686
-3.3026,-3.909,-8.4691,-3.2829,-3.857,-8.3974,-0.0079,-0.0074,-0.0139,0.0086,-2.0E-4,0.0043,102.0,60.04,23.31,59.38,103.63,22.75,158.9,0.0,20.376,37.299553,-79.29736,0.0,NaN,0.0,697248.4,81.0,0 / 15,845012,2018-03-07 13:51:29:686
-3.3469,-3.9377,-8.4559,-3.3827,-3.8879,-8.3433,-0.0151,-0.0382,-0.0133,-0.0323,-8.0E-4,0.0235,102.0,60.87,24.72,58.31,101.96,23.25,157.8,0.0,6.48,37.299553,-79.29736,0.0,NaN,0.0,697248.4,81.0,0 / 15,850013,2018-03-07 13:51:34:687
-3.3816,-4.0669,-8.4225,-3.2852,-4.0255,-8.317,0.1396,0.0523,-0.0384,-0.0035,0.0044,0.0153,102.0,60.63,30.63,57.43,94.3,24.24,158.45,0.0,23.651,37.299553,-79.29736,0.0,NaN,0.0,697248.4,81.0,0 / 15,855013,2018-03-07 13:51:39:687
-3.1926,-3.8719,-8.3555,-3.2658,-3.9238,-8.3731,0.0306,-0.0606,-0.0649,-0.0108,0.0011,0.003,102.0,60.09,27.16,58.85,99.83,23.59,158.69,0.0,-0.505,37.299553,-79.29736,0.0,NaN,0.0,697248.4,81.0,0 / 15,860012,2018-03-07 13:51:44:686
-3.4103,-3.8767,-8.4452,-3.4244,-3.8691,-8.3351,-0.0566,-0.0127,-0.0024,0.0097,0.0083,0.0137,102.0,60.63,26.58,58.07,99.09,23.24,157.66,0.0,16.254,37.299553,-79.29736,0.0,NaN,0.0,697248.4,81.0,0 / 15,865013,2018-03-07 13:51:49:687
-3.567,-4.1088,-8.2968,-3.1316,-4.0293,-8.3743,0.0016,0.013,-0.0708,-0.0593,-0.0742,-0.2286,102.0,60.14,26.48,57.48,100.73,24.26,159.5,0.0,7.887,37.299553,-79.29736,0.0,NaN,0.0,697248.4,81.0,0 / 15,870014,2018-03-07 13:51:54:688
-3.3732,-4.0035,-8.4021,-3.3594,-3.9422,-8.3273,0.0122,-0.0224,0.001,-0.0026,0.0068,-0.0089,102.0,59.75,30.68,58.07,93.81,23.7,158.03,0.0,2.447,37.299553,-79.29736,0.0,NaN,0.0,697248.4,81.0,0 / 15,875013,2018-03-07 13:51:59:687
-3.719,-3.8779,-8.4476,-3.529,-3.361,-8.51,0.1753,-0.2018,0.0534,-0.0625,-0.0281,-0.2661,102.0,61.71,13.44,57.68,112.18,20.04,157.48,0.0,5.867,37.299553,-79.29736,0.0,NaN,0.0,697248.4,81.0,0 / 15,880013,2018-03-07 13:52:04:687
-3.3589,-3.9652,-8.4141,-3.3438,-3.9454,-8.3321,0.024,0.0023,-0.0108,0.0027,0.0028,7.0E-4,102.0,60.24,29.7,58.75,96.02,23.72,158.13,0.0,4.772,37.299553,-79.29736,0.0,NaN,0.0,697248.4,81.0,0 / 15,885013,2018-03-07 13:52:09:687
-3.2416,-3.9772,-8.3949,-3.2817,-3.9865,-8.3372,-0.0376,-0.0186,4.0E-4,0.0379,0.0646,0.2061,102.0,59.8,24.97,60.12,104.55,23.99,158.51,0.0,2.987,37.299553,-79.29736,0.0,NaN,0.0,697248.4,81.0,0 / 15,890013,2018-03-07 13:52:14:687
-3.2667,-4.0621,-8.4428,-3.2313,-4.0211,-8.3403,0.0104,0.002,0.0136,-0.0061,1.0E-4,0.0057,102.0,59.61,27.31,56.6,99.72,24.21,158.82,0.0,28.312,37.299553,-79.29736,0.0,NaN,0.0,697248.4,81.0,0 / 15,895013,2018-03-07 13:52:19:687
-3.1423,-3.8635,-8.4906,-3.1789,-3.8473,-8.4418,0.0435,-0.0091,-0.0147,-4.0E-4,-9.0E-4,2.0E-4,102.0,58.92,24.28,56.75,101.28,23.1,159.37,0.0,2.772,37.299553,-79.29736,0.0,NaN,0.0,697248.4,81.0,0 / 15,900013,2018-03-07 13:52:24:687
-3.5838,-3.5285,-8.4631,-3.3063,-3.3877,-8.5885,-0.0716,-0.1566,-0.0018,4.0E-4,-0.0303,-0.0204,102.0,60.53,9.93,60.56,117.02,20.21,158.94,0.0,10.04,37.299553,-79.29736,0.0,NaN,0.0,697248.4,81.0,0 / 15,905013,2018-03-07 13:52:29:687
-3.3876,-3.6207,-8.4667,-3.4556,-3.6755,-8.4095,-0.0885,0.155,0.0797,-0.0191,0.0297,0.0365,102.0,62.0,16.62,59.48,111.17,22.01,157.66,0.0,7.626,37.299553,-79.29736,0.0,NaN,0.0,697248.4,81.0,0 / 15,910013,2018-03-07 13:52:34:687
-3.3756,-3.9485,-8.4284,-3.3547,-3.9436,-8.3285,-0.0047,0.0057,-6.0E-4,-7.0E-4,8.0E-4,0.0031,102.0,61.17,30.04,57.53,95.45,23.71,158.06,0.0,14.137,37.299553,-79.29736,0.0,NaN,0.0,697248.4,81.0,0 / 15,915013,2018-03-07 13:52:39:687
-3.2249,-3.9305,-8.4942,-3.2995,-3.8145,-8.4103,0.1038,0.0044,0.023,0.0101,0.0165,-0.0066,102.0,60.34,27.7,58.85,96.8,22.89,158.58,0.0,2.448,37.299553,-79.29736,0.0,NaN,0.0,697248.4,81.0,0 / 15,920013,2018-03-07 13:52:44:687
-3.3708,-3.8731,-8.6115,-3.3947,-3.7953,-8.3811,-0.0874,0.0116,0.0235,0.0683,0.1381,0.3598,102.0,61.12,17.94,59.82,112.07,22.77,157.95,0.0,9.069,37.299553,-79.29736,0.0,NaN,0.0,697248.4,81.0,0 / 15,925013,2018-03-07 13:52:49:687
-3.4414,-3.7116,-8.4811,-3.4669,-3.6997,-8.3943,0.0102,0.0249,0.0138,0.0015,0.0088,-0.015,102.0,61.56,13.39,59.58,117.37,22.16,157.56,0.0,2.931,37.299553,-79.29736,0.0,NaN,0.0,697248.4,81.0,0 / 15,930013,2018-03-07 13:52:54:687
-3.4007,-3.7427,-8.5325,-3.3921,-3.5815,-8.4757,0.2732,0.0626,0.1212,-0.0108,-4.0E-4,0.0035,102.0,61.02,17.54,59.48,108.37,21.42,158.19,0.0,43.212,37.299553,-79.29736,0.0,NaN,0.0,697248.4,81.0,0 / 15,935013,2018-03-07 13:52:59:687
-3.3648,-3.696,-8.5002,-3.38,-3.719,-8.4211,0.076,-0.0315,-0.0343,-3.0E-4,0.0043,0.0065,102.0,60.34,18.18,56.5,108.63,22.06,158.09,0.0,0.481,37.299553,-79.29736,0.0,NaN,0.0,697248.4,81.0,0 / 15,940013,2018-03-07 13:53:04:687
-3.7477,-4.0597,-8.2813,-3.3671,-3.9687,-8.3116,0.2084,-0.0413,-0.0216,0.0063,0.0139,0.015,102.0,60.63,27.26,56.7,99.04,23.61,157.94,0.0,50.124,37.299553,-79.29736,0.0,NaN,0.0,697248.4,81.0,0 / 15,945013,2018-03-07 13:53:09:687
-3.6292,-4.1626,-8.3136,-3.4325,-3.9197,-8.3081,0.3463,-0.0759,0.0142,-0.0332,-0.08,-0.1844,102.0,61.31,24.48,57.63,106.39,24.96,158.5,0.0,6.379,37.299553,-79.29736,0.0,NaN,0.0,697248.4,81.0,0 / 15,950013,2018-03-07 13:53:14:687
-3.2356,-3.6553,-8.5337,-3.3633,-3.535,-8.5066,0.0441,-0.0472,-0.0015,0.0042,-0.0015,0.0012,102.0,61.27,15.3,59.68,115.6,23.18,158.86,0.0,48.712,37.299553,-79.29736,0.0,NaN,0.0,697248.4,81.0,0 / 15,955013,2018-03-07 13:53:19:687
-3.3517,-3.708,-8.5517,-3.3313,-3.7326,-8.4345,0.0754,0.033,-0.0132,0.0357,0.0392,0.0432,102.0,60.78,13.74,60.41,115.07,21.83,158.28,0.0,53.617,37.299553,-79.29736,0.0,NaN,0.0,697248.4,81.0,0 / 15,960012,2018-03-07 13:53:24:686
-3.0717,-3.647,-8.5816,-3.4014,-3.6941,-8.4235,0.0261,-0.0078,-0.0148,-0.0783,0.0032,-0.2819,102.0,60.68,8.95,60.51,124.25,23.08,157.91,0.0,54.439,37.299553,-79.29736,0.0,NaN,0.0,697248.4,81.0,0 / 15,965014,2018-03-07 13:53:29:688
-3.6233,-3.8181,-8.493,-3.428,-3.5779,-8.4627,-0.0143,-0.0472,-0.031,-0.0057,0.0109,0.0081,102.0,61.31,11.78,59.48,116.64,21.41,157.83,0.0,51.716,37.299553,-79.29736,0.0,NaN,0.0,697248.4,81.0,0 / 15,970014,2018-03-07 13:53:34:688
-3.4833,-3.8073,-8.3734,-3.6749,-3.0184,-8.5764,0.2235,-0.2178,-0.0298,0.1491,-0.0569,0.4468,102.0,62.0,6.95,56.7,123.18,21.58,156.04,0.0,17.226,37.299553,-79.29736,0.0,NaN,0.0,697248.4,81.0,0 / 25,975013,2018-03-07 13:53:39:687
-2.513,-10.7453,0.4238,-0.0493,-8.9953,-3.9055,-1.1814,-0.3408,-1.3191,0.2991,-2.874,0.0899,102.0,35.09,53.97,-8.88,37.4,63.51,-163.67,0.0,32.044,37.299553,-79.29736,0.0,NaN,0.0,697248.4,81.0,0 / 25,980013,2018-03-07 13:53:44:687
-0.4623,-10.8924,1.4922,-0.7019,-9.7485,0.8028,-0.9873,-0.1515,-0.1787,-0.1315,-0.2866,-0.0165,102.0,-26.28,48.5,-40.76,288.48,78.6,-130.1,0.0,20.606,37.299553,-79.29736,0.0,NaN,0.0,697248.4,81.0,0 / 25,985013,2018-03-07 13:53:49:687
0.8561,-10.2918,0.687,0.8893,-9.7482,0.5941,0.0431,-0.0138,-0.0814,-0.0452,0.0711,0.0396,102.0,-49.57,41.71,6.16,138.48,84.98,-58.2,0.0,42.519,37.299553,-79.29736,0.0,NaN,0.0,697248.4,81.0,0 / 25,990012,2018-03-07 13:53:54:686
-1.0857,-10.4976,0.4394,-1.1222,-9.7345,0.3867,0.3249,-0.0703,0.3263,0.0048,-0.2095,0.1256,102.0,-38.29,46.5,-5.02,30.69,84.63,63.63,0.0,44.775,37.299553,-79.29736,0.0,NaN,0.0,697248.4,81.0,0 / 25,995012,2018-03-07 13:53:59:686
-1.1036,-10.4187,0.0936,-1.2897,-9.7213,-0.0562,0.0783,-0.0892,-3.0E-4,-0.0029,0.0221,0.0052,102.0,-37.12,45.57,-2.92,98.97,78.97,-18.29,0.0,32.782,37.299553,-79.29736,0.0,NaN,0.0,697248.4,81.0,0 / 25,1000013,2018-03-07 13:54:04:687
-0.7579,-10.4318,0.3401,-1.0245,-9.7527,0.0783,-0.2506,-0.3185,0.2478,-0.1395,-0.0879,-0.0581,102.0,-39.61,44.64,-0.97,14.27,84.8,75.78,0.0,42.899,37.299553,-79.29736,0.0,NaN,0.0,697248.4,81.0,0 / 25,1005013,2018-03-07 13:54:09:687
-4.9728,-10.0633,3.3251,0.5701,-9.6416,1.6983,-2.1179,0.3302,-0.266,-1.6641,1.3046,1.0176,102.0,-12.66,47.82,-26.16,151.26,87.41,0.09,0.0,39.087,37.299553,-79.29736,0.0,NaN,0.0,697248.4,81.0,0 / 25,1010013,2018-03-07 13:54:14:687
-2.3862,-4.9965,-6.8157,-2.3702,-3.3818,-8.8947,0.0032,0.5532,3.7541,0.0762,0.2997,0.1216,102.0,65.42,11.2,54.99,139.47,57.95,163.44,0.0,52.477,37.299553,-79.29736,0.0,NaN,0.0,697248.4,81.0,0 / 25,1015013,2018-03-07 13:54:19:687
-3.0382,-2.1754,-8.9082,-3.0341,-2.0469,-9.0981,0.0357,-0.1392,0.2444,-0.014,-0.0317,-0.1876,102.0,56.87,1.38,63.53,122.21,13.89,158.21,0.0,52.873,37.299553,-79.29736,0.0,NaN,0.0,697248.4,81.0,0 / 25,1020013,2018-03-07 13:54:24:687
-3.1483,-2.7269,-8.8041,-3.165,-2.8197,-8.8432,0.0146,-0.0291,0.0043,-0.0053,0.0191,-0.0204,102.0,59.07,15.69,62.46,101.7,16.73,160.37,0.0,13.127,37.299553,-79.29736,0.0,NaN,0.0,697248.4,81.0,0 / 25,1025013,2018-03-07 13:54:29:687
-3.1399,-2.8837,-8.7335,-3.0233,-2.9708,-8.8433,-0.0497,0.0243,0.052,-0.0106,0.0147,0.0854,102.0,58.82,20.96,64.41,93.46,16.0,159.71,0.0,5.405,37.299553,-79.29736,0.0,NaN,0.0,697248.4,81.0,0 / 25,1030013,2018-03-07 13:54:34:687
-3.2811,-2.782,-8.7598,-3.2692,-2.7975,-8.8123,-0.0148,0.0802,-0.0161,0.0142,-0.0195,-0.0207,102.0,60.58,16.47,63.14,101.29,16.52,160.64,0.0,45.872,37.299553,-79.29736,0.0,NaN,0.0,697248.4,81.0,0 / 17,1035013,2018-03-07 13:54:39:687
-3.0753,-2.3848,-8.8986,-3.0831,-2.4546,-8.98,-3.0E-4,-0.0449,-0.0182,-0.0038,0.0024,0.0099,102.0,58.87,10.66,64.9,105.03,14.29,160.9,0.0,46.718,37.299553,-79.29736,0.0,NaN,0.0,697248.4,81.0,0 / 17,1040013,2018-03-07 13:54:44:687
-3.1686,-2.4219,-8.8544,-3.1599,-2.4479,-8.9551,0.0119,0.0105,0.0035,0.0055,-0.014,0.0025,102.0,58.68,11.0,64.22,105.78,14.58,160.16,0.0,-2.081,37.299553,-79.29736,0.0,NaN,0.0,697248.4,81.0,0 / 17,1045013,2018-03-07 13:54:49:687
-3.1842,-2.4159,-8.9955,-3.1878,-2.3591,-8.969,-0.0335,0.001,-0.0233,0.0279,-0.0134,-8.0E-4,102.0,59.12,9.1,64.32,107.78,14.25,160.48,0.0,2.152,37.299553,-79.29736,0.0,NaN,0.0,697248.4,81.0,0 / 17,1050013,2018-03-07 13:54:54:687
-3.1985,-2.4338,-8.8663,-3.1809,-2.4316,-8.9521,-0.0721,0.0127,0.0084,0.0121,-0.0149,-0.0152,102.0,58.68,9.63,61.24,104.81,14.37,160.79,0.0,39.205,37.299553,-79.29736,0.0,NaN,0.0,697248.4,81.0,0 / 17,1055013,2018-03-07 13:54:59:687
-1.9842,-1.5174,-8.5768,-3.3559,-1.6284,-9.0695,0.0341,-0.3119,-0.0331,0.026,0.1187,-0.2433,102.0,58.04,1.14,59.73,117.94,14.8,160.56,0.0,38.888,37.299553,-79.29736,0.0,NaN,0.0,697248.4,81.0,0 / 17,1060013,2018-03-07 13:55:04:687
-2.4903,-2.0127,-9.1355,-2.5631,-2.0206,-9.2476,-0.0293,-0.0089,0.0244,9.0E-4,-4.0E-4,0.0012,102.0,54.72,2.85,63.14,109.36,11.96,164.46,0.0,5.316,37.299553,-79.29736,0.0,NaN,0.0,697248.4,81.0,0 / 17,1065013,2018-03-07 13:55:09:687
-2.6039,-2.0043,-9.0613,-2.6342,-2.0126,-9.2293,-0.0618,-0.0162,0.0123,1.0E-4,-0.0143,0.0192,102.0,55.65,2.65,65.63,110.01,11.75,164.23,0.0,15.496,37.299553,-79.29736,0.0,NaN,0.0,697248.4,81.0,0 / 17,1070012,2018-03-07 13:55:14:686
-2.4903,-1.8272,-9.1355,-2.52,-1.8392,-9.2972,0.0742,0.0036,0.0151,0.0022,0.0042,-0.0141,102.0,53.6,-2.77,62.7,117.62,12.24,165.04,0.0,11.329,37.299553,-79.29736,0.0,NaN,0.0,697248.4,81.0,0 / 17,1075012,2018-03-07 13:55:19:686
-2.3407,-1.7758,-9.1618,-2.412,-1.8313,-9.3273,-0.0216,0.0383,0.0198,-0.003,9.0E-4,4.0E-4,102.0,53.36,-2.13,65.83,115.21,10.76,165.5,0.0,2.252,37.299553,-79.29736,0.0,NaN,0.0,697248.4,81.0,0 / 17,1080013,2018-03-07 13:55:24:687
-2.3838,-2.0151,-9.0901,-2.5232,-2.1717,-9.2243,0.1669,0.0311,0.0175,0.0141,-0.0088,-0.0107,102.0,54.19,4.51,62.95,108.31,12.79,164.7,0.0,38.244,37.299553,-79.29736,0.0,NaN,0.0,697248.4,81.0,0 / 17,1085013,2018-03-07 13:55:29:687
-2.5178,-1.9899,-9.0757,-2.5824,-2.0505,-9.2356,0.0097,0.01,0.005,-0.0019,-0.0042,6.0E-4,102.0,55.46,0.85,66.22,113.64,12.07,164.38,0.0,2.737,37.299553,-79.29736,0.0,NaN,0.0,697248.4,81.0,0 / 17,1090013,2018-03-07 13:55:34:687
-2.3922,-2.039,-9.1295,-2.4592,-2.0218,-9.2755,0.0244,-0.0035,-0.009,0.0066,-0.0023,8.0E-4,102.0,53.99,0.99,63.34,111.81,11.9,165.15,0.0,50.344,37.299553,-79.29736,0.0,NaN,0.0,697248.4,81.0,0 / 17,1095013,2018-03-07 13:55:39:687
-2.4424,-1.5688,-8.8891,-2.1437,-2.1485,-9.3252,3.0046,0.0764,0.4549,0.3712,0.1862,0.4526,102.0,56.77,-2.08,63.58,114.08,12.66,167.05,0.0,30.996,37.299553,-79.29736,0.0,NaN,0.0,697248.4,81.0,0 / 17,1100013,2018-03-07 13:55:44:687
-2.8827,-2.0175,-9.0147,-2.9124,-2.0567,-9.1356,-0.0079,0.0176,0.0128,0.0048,-0.009,0.0042,102.0,55.11,-6.48,64.95,124.4,12.11,162.32,0.0,8.605,37.299553,-79.29736,0.0,NaN,0.0,697248.4,81.0,0 / 17,1105013,2018-03-07 13:55:49:687
-2.9246,-2.1192,-8.9716,-3.0131,-2.1522,-9.0807,-0.0441,-0.0223,0.023,0.0075,-0.003,0.0031,102.0,55.26,-7.02,64.02,126.79,12.68,161.64,0.0,15.219,37.299553,-79.29736,0.0,NaN,0.0,697248.4,81.0,0 / 17,1110013,2018-03-07 13:55:54:687
-2.9305,-2.1299,-8.9537,-2.9845,-2.1408,-9.0929,0.0128,0.0248,0.0294,0.0042,-0.0051,-0.0026,102.0,53.65,-7.6,59.24,125.78,12.61,161.83,0.0,43.865,37.299553,-79.29736,0.0,NaN,0.0,697248.4,81.0,0 / 17,1115013,2018-03-07 13:55:59:687
-3.555,-2.4756,-8.8094,-3.3904,-2.328,-8.9026,0.0124,-0.146,-0.0467,0.0041,-0.0388,-0.0512,102.0,56.63,-8.14,62.22,130.17,13.73,159.15,0.0,34.754,37.299553,-79.29736,0.0,NaN,0.0,697248.4,81.0,0 / 17,1120013,2018-03-07 13:56:04:687
-2.8714,-2.5295,-8.9098,-3.4842,-2.4618,-8.8301,-0.0335,-0.0421,-0.0053,-0.003,0.0195,0.0103,102.0,56.04,-5.26,61.14,129.22,14.54,158.47,0.0,53.268,37.299553,-79.29736,0.0,NaN,0.0,697248.4,81.0,0 / 17,1125013,2018-03-07 13:56:09:687
-3.3937,-2.5603,-8.7561,-3.2925,-2.597,-8.8648,0.016,0.1012,0.0099,0.003,5.0E-4,-0.0147,102.0,55.89,-3.94,62.85,128.9,15.36,159.62,0.0,37.368,37.299553,-79.29736,0.0,NaN,0.0,697248.4,81.0,0 / 17,1130013,2018-03-07 13:56:14:687
-3.2655,-2.5463,-8.8209,-3.2722,-2.5339,-8.8906,-0.0048,0.0346,0.0174,0.0068,0.0057,0.0062,102.0,55.8,-4.72,62.7,129.19,14.97,159.79,0.0,33.693,37.299553,-79.29736,0.0,NaN,0.0,697248.4,81.0,0 / 17,1135013,2018-03-07 13:56:19:687
-3.2835,-2.5099,-8.798,-3.3921,-2.491,-8.8577,-0.0757,-0.0319,0.0465,0.002,0.011,0.0052,102.0,57.16,-4.38,61.53,127.41,14.71,159.05,0.0,47.086,37.299553,-79.29736,0.0,NaN,0.0,697248.4,81.0,0 / 17,1140013,2018-03-07 13:56:24:687
-3.3241,-2.6086,-8.784,-3.3751,-2.5494,-8.8476,-0.001,0.0112,-0.0132,-0.0145,-0.0012,0.01,102.0,57.12,-4.14,62.02,127.84,15.07,159.12,0.0,53.677,37.299553,-79.29736,0.0,NaN,0.0,697248.4,81.0,0 / 17,1145012,2018-03-07 13:56:29:686
-2.8069,-2.5864,-8.9308,-3.4121,-2.2424,-8.9163,0.0258,-0.0023,-0.0178,0.0081,0.009,-0.0226,102.0,56.58,-5.4,62.85,126.8,13.22,159.06,0.0,38.816,37.299553,-79.29736,0.0,NaN,0.0,697248.4,81.0,0 / 17,1150012,2018-03-07 13:56:34:686
-3.1483,-2.3489,-8.8568,-3.1927,-2.3797,-8.9618,-0.0211,0.024,0.012,0.0022,-0.0074,0.003,102.0,55.99,-5.16,62.12,126.44,14.04,160.39,0.0,38.876,37.299553,-79.29736,0.0,NaN,0.0,697248.4,81.0,0 / 17,1155012,2018-03-07 13:56:39:686
-3.116,-2.3549,-8.8879,-3.1478,-2.3806,-8.9774,0.0232,-0.0084,0.0029,0.0624,-0.0026,0.1927,102.0,54.28,-8.63,63.97,132.96,14.05,160.68,0.0,57.73,37.299553,-79.29736,0.0,NaN,0.0,697248.4,81.0,0 / 17,1160013,2018-03-07 13:56:44:687
-2.6227,-2.5093,-8.9503,-3.3185,-2.4525,-8.8963,0.1198,-0.0951,-0.0862,0.0059,-0.0288,-0.0884,102.0,55.75,-5.31,64.07,129.41,14.48,159.54,0.0,50.898,37.299553,-79.29736,0.0,NaN,0.0,697248.4,81.0,0 / 17,1165013,2018-03-07 13:56:49:687
-3.0374,-2.2535,-8.9651,-3.2739,-2.0139,-9.022,-0.1344,-0.0724,0.0289,9.0E-4,-0.0186,-0.0252,102.0,56.33,-6.77,59.68,124.79,11.85,160.06,0.0,49.271,37.299553,-79.29736,0.0,NaN,0.0,697248.4,81.0,0 / 17,1170013,2018-03-07 13:56:54:687
-2.8791,-2.0905,-8.9764,-2.9397,-2.1017,-9.1165,0.0107,0.0301,-0.0011,0.0029,0.0019,0.0022,102.0,54.92,-5.8,64.71,125.06,12.38,162.13,0.0,40.023,37.299553,-79.29736,0.0,NaN,0.0,697248.4,81.0,0 / 17,1175013,2018-03-07 13:56:59:687
-2.9067,-2.2155,-8.9683,-2.9189,-2.2669,-9.0836,0.0245,-0.0035,-0.0114,0.0069,-0.0047,0.0037,102.0,52.77,-9.56,61.09,129.2,12.6,162.22,0.0,38.714,37.299553,-79.29736,0.0,NaN,0.0,697248.4,81.0,0 / 17,1180013,2018-03-07 13:57:04:687
-2.6775,-2.0504,-8.9909,-2.8469,-2.1454,-9.1358,-0.0055,-0.0173,0.0311,9.0E-4,0.0041,1.0E-4,102.0,54.28,-8.33,60.9,132.19,14.29,159.53,0.0,55.866,37.299553,-79.29736,0.0,NaN,0.0,697248.4,81.0,0 / 17,1185013,2018-03-07 13:57:09:687
-2.9569,-2.3429,-8.8771,-3.1267,-2.3399,-8.9955,-0.0235,-0.0325,0.009,-0.0055,0.0188,-0.0016,102.0,53.65,-6.58,61.83,126.9,13.1,161.81,0.0,50.619,37.299553,-79.29736,0.0,NaN,0.0,697248.4,81.0,0 / 17,1190013,2018-03-07 13:57:14:687
-2.9949,-2.19,-8.9569,-3.0606,-2.2263,-9.0469,0.0211,0.0213,0.0027,0.0011,-0.0028,0.0031,102.0,54.28,-7.75,62.9,128.75,13.12,161.65,0.0,1.407,37.299553,-79.29736,0.0,NaN,0.0,697248.4,81.0,0 / 17,1195013,2018-03-07 13:57:19:687
-3.0453,-2.246,-8.9223,-3.0879,-2.2419,-9.0338,0.0378,0.0319,-0.0309,-0.0028,0.0109,7.0E-4,102.0,54.62,-8.14,64.12,129.44,13.16,161.01,0.0,56.787,37.299553,-79.29736,0.0,NaN,0.0,697248.4,81.0,0 / 17,1200013,2018-03-07 13:57:24:687
-3.0083,-2.1945,-8.9238,-3.0553,-2.252,-9.0424,-0.0238,0.056,-0.0131,0.0034,0.0017,6.0E-4,102.0,54.19,-8.53,64.27,131.79,13.42,160.9,0.0,26.508,37.299553,-79.29736,0.0,NaN,0.0,697248.4,81.0,0 / 17,1205013,2018-03-07 13:57:29:687
-2.909,-2.2197,-8.9549,-2.9528,-2.2379,-9.0798,0.0252,-0.0083,0.0137,-0.0036,-4.0E-4,-9.0E-4,102.0,53.16,-8.53,61.68,130.25,13.24,161.65,0.0,45.604,37.299553,-79.29736,0.0,NaN,0.0,697248.4,81.0,0 / 17,1210013,2018-03-07 13:57:34:687
-2.8418,-2.1767,-8.9853,-2.9221,-2.2311,-9.0914,0.0103,-0.0093,-0.0104,-0.0013,0.0043,-0.0011,102.0,53.89,-8.58,64.71,130.31,13.13,162.05,0.0,53.395,37.299553,-79.29736,0.0,NaN,0.0,697248.4,81.0,0 / 17,1215013,2018-03-07 13:57:39:687
-2.903,-2.2244,-8.974,-3.0372,-2.2462,-9.0499,-0.0306,-0.0442,0.0263,-0.0023,0.0167,0.0266,102.0,53.75,-7.5,63.73,128.55,13.15,162.22,0.0,34.287,37.299553,-79.29736,0.0,NaN,0.0,697248.4,81.0,0 / 17,1220013,2018-03-07 13:57:44:687
-2.775,-2.1132,-8.9908,-2.7939,-2.1105,-9.1603,0.0423,0.0341,0.0037,-6.0E-4,0.0025,0.0014,102.0,53.55,-9.16,65.34,128.92,12.61,162.55,0.0,43.907,37.299553,-79.29736,0.0,NaN,0.0,697248.4,81.0,0 / 17,1225013,2018-03-07 13:57:49:687
-2.6805,-2.094,-9.0745,-2.8133,-2.1575,-9.1434,0.0522,-0.0135,0.0022,0.0038,-0.0145,-0.01,102.0,53.06,-8.04,65.59,128.63,12.53,162.83,0.0,47.374,37.299553,-79.29736,0.0,NaN,0.0,697248.4,81.0,0 / 17,1230013,2018-03-07 13:57:54:687
-2.8157,-2.1347,-9.0171,-2.8504,-2.1657,-9.1299,-0.0039,-0.0034,0.005,-0.0028,0.0,1.0E-4,102.0,53.5,-8.19,65.54,128.75,12.83,162.48,0.0,41.495,37.299553,-79.29736,0.0,NaN,0.0,697248.4,81.0,0 / 17,1235013,2018-03-07 13:57:59:687
-2.86,-2.173,-8.9919,-2.856,-2.1766,-9.1256,0.0197,0.0334,0.0,-0.0033,0.0018,0.0025,102.0,53.7,-8.48,65.15,128.3,12.86,162.48,0.0,52.667,37.299553,-79.29736,0.0,NaN,0.0,697248.4,81.0,0 / 17,1240013,2018-03-07 13:58:04:687
-2.83,-2.1862,-8.9943,-2.8494,-2.1789,-9.1271,0.0028,-0.0107,0.0193,0.0022,-9.0E-4,-1.0E-4,102.0,53.45,-8.14,65.24,128.2,12.69,162.94,0.0,19.826,37.299553,-79.29736,0.0,NaN,0.0,697248.4,81.0,0 / 17,1245013,2018-03-07 13:58:09:687
-2.8288,-2.1682,-9.035,-2.8649,-2.1862,-9.1205,-0.0089,0.0045,0.0051,-0.0032,0.0159,4.0E-4,102.0,53.36,-7.94,65.0,128.9,12.87,162.62,0.0,24.624,37.299553,-79.29736,0.0,NaN,0.0,697248.4,81.0,0 / 17,1250013,2018-03-07 13:58:14:687
-3.2635,-2.0381,-8.9638,-2.9071,-2.0676,-9.1348,0.3423,-0.0405,0.0321,0.0141,-0.017,0.0036,102.0,51.94,-12.19,65.78,140.58,14.28,159.63,0.0,42.478,37.299553,-79.29736,0.0,NaN,0.0,697248.4,81.0,0 / 17,1255014,2018-03-07 13:58:19:688
-3.1076,-2.0833,-8.9309,-3.0328,-2.1424,-9.0765,-0.0112,-0.0525,0.0171,4.0E-4,-0.0025,0.0042,102.0,54.19,-10.78,63.88,132.6,12.71,161.09,0.0,17.244,37.299553,-79.29736,0.0,NaN,0.0,697248.4,81.0,0 / 17,1260013,2018-03-07 13:58:24:687
-3.4528,-2.504,-8.9439,-3.0207,-2.3922,-9.0179,0.7051,-0.1102,0.2479,-0.0368,0.1427,-0.3645,102.0,53.94,-11.02,63.24,130.83,12.62,161.94,0.0,48.781,37.299553,-79.29736,0.0,NaN,0.0,697248.4,81.0,0 / 17,1265014,2018-03-07 13:58:29:688
-4.9702,-2.3443,-8.1832,-4.8897,-2.3371,-8.1731,-0.1237,-0.0415,0.0163,-0.0095,-0.014,0.033,102.0,65.07,-12.58,53.77,137.82,10.74,147.06,0.0,21.729,37.299553,-79.29736,0.0,NaN,0.0,697248.4,81.0,0 / 17,1270013,2018-03-07 13:58:34:687
-5.7575,-1.3213,-7.9603,-4.9131,-2.0756,-8.2295,-0.5061,-0.2714,-0.0894,-0.2041,-0.0623,-0.2433,102.0,71.42,-2.43,48.89,123.15,14.0,146.78,0.0,28.777,37.299553,-79.29736,0.0,NaN,0.0,697248.4,81.0,0 / 17,1275013,2018-03-07 13:58:39:687
-5.4286,-2.2244,-7.9762,-5.3556,-2.2357,-7.905,0.1525,0.0238,-0.0102,0.0048,0.007,0.0075,102.0,73.77,15.25,48.59,97.11,13.22,145.75,0.0,5.127,37.299553,-79.29736,0.0,NaN,0.0,697248.4,81.0,0 / 17,1280013,2018-03-07 13:58:44:687
-5.3949,-2.2711,-8.0022,-5.3108,-2.2229,-7.9388,0.0448,0.0172,-0.008,0.0045,-0.0011,-0.0018,102.0,73.08,14.81,49.13,96.33,13.08,146.51,0.0,1.289,37.299553,-79.29736,0.0,NaN,0.0,697248.4,81.0,0 / 17,1285013,2018-03-07 13:58:49:687
-5.3317,-2.2795,-8.0408,-5.3363,-2.2461,-7.9151,-0.0304,0.0674,0.0501,0.0271,-0.0113,-0.0049,102.0,72.3,13.69,49.86,98.38,13.05,146.42,0.0,56.162,37.299553,-79.29736,0.0,NaN,0.0,697248.4,81.0,0 / 17,1290013,2018-03-07 13:58:54:687
-5.4239,-2.3109,-7.9341,-5.3676,-2.3181,-7.8731,-0.0987,-0.0821,0.0044,0.0106,-0.0066,0.0089,102.0,72.59,13.93,48.25,99.15,13.6,145.8,0.0,53.832,37.299553,-79.29736,0.0,NaN,0.0,697248.4,81.0,0 / 17,1295013,2018-03-07 13:58:59:687
-5.3473,-2.3429,-8.0253,-5.2863,-2.3048,-7.9318,-0.0507,0.002,0.0674,0.0165,-0.0212,0.025,102.0,72.64,15.54,49.33,96.03,13.6,146.35,0.0,10.562,37.299553,-79.29736,0.0,NaN,0.0,697248.4,81.0,0 / 17,1300013,2018-03-07 13:59:04:687
-5.3736,-2.319,-8.0863,-5.1953,-2.2453,-8.0086,-0.0285,0.0045,0.013,0.006,0.0018,0.0014,102.0,71.52,15.44,50.4,96.87,13.29,147.22,0.0,22.79,37.299553,-79.29736,0.0,NaN,0.0,697248.4,81.0,0 / 17,1305013,2018-03-07 13:59:09:687
-5.2348,-2.2819,-8.0695,-5.1939,-2.2574,-8.0061,0.0335,-0.0017,-0.0318,0.0171,-0.0143,0.0049,102.0,72.25,16.28,50.6,95.78,13.31,147.04,0.0,18.553,37.299553,-79.29736,0.0,NaN,0.0,697248.4,81.0,0 / 17,1310013,2018-03-07 13:59:14:687
-5.2552,-2.3213,-8.0839,-5.2148,-2.2487,-7.995,0.0637,-0.0174,0.0144,-0.0158,0.0042,-0.0021,102.0,72.15,15.2,50.25,97.29,13.39,146.88,0.0,30.933,37.299553,-79.29736,0.0,NaN,0.0,697248.4,81.0,0 / 17,1315013,2018-03-07 13:59:19:687
-5.3303,-2.2785,-8.0298,-5.2621,-2.274,-7.9567,0.0049,-0.0138,-0.0167,0.0011,-0.0022,-0.0022,102.0,72.3,16.57,49.23,93.24,13.24,146.7,0.0,-0.372,37.299553,-79.29736,0.0,NaN,0.0,697248.4,81.0,0 / 17,1320014,2018-03-07 13:59:24:688
-5.3605,-2.368,-8.0611,-5.2128,-2.2724,-7.9896,-0.0301,0.0096,0.0123,0.0042,-0.0052,0.0038,102.0,71.13,15.54,46.59,94.06,13.27,146.74,0.0,1.583,37.299553,-79.29736,0.0,NaN,0.0,697248.4,81.0,0 / 17,1325013,2018-03-07 13:59:29:687
-5.303,-2.3118,-8.0516,-5.2302,-2.2751,-7.9774,-2.0E-4,-0.0349,0.0073,-0.0012,-2.0E-4,8.0E-4,102.0,71.86,15.25,49.81,97.37,13.41,146.81,0.0,-0.63,37.299553,-79.29736,0.0,NaN,0.0,697248.4,81.0,0 / 17,1330013,2018-03-07 13:59:34:687
-5.2695,-2.362,-8.0827,-5.2449,-2.288,-7.9641,0.007,0.0306,0.0016,0.0028,-0.0093,0.0014,102.0,72.11,16.08,49.77,95.7,13.4,146.76,0.0,50.446,37.299553,-79.29736,0.0,NaN,0.0,697248.4,81.0,0 / 17,1335013,2018-03-07 13:59:39:687
-5.2946,-2.3345,-8.0169,-5.2283,-2.2978,-7.9721,-0.0075,0.0227,-0.0303,-0.0076,-0.0042,0.0023,102.0,72.15,16.91,49.72,94.37,13.55,146.8,0.0,37.394,37.299553,-79.29736,0.0,NaN,0.0,697248.4,81.0,0 / 17,1340013,2018-03-07 13:59:44:687
-5.2492,-2.3213,-8.0695,-5.1813,-2.3056,-8.0005,0.0014,0.0083,0.0042,-8.0E-4,-4.0E-4,2.0E-4,102.0,72.01,14.18,50.4,99.54,13.67,147.03,0.0,21.751,37.299553,-79.29736,0.0,NaN,0.0,697248.4,81.0,0 / 17,1345013,2018-03-07 13:59:49:687
-5.0374,-2.6786,-8.3712,-5.1166,-2.0668,-8.1068,-0.0791,0.2249,0.4217,-0.1694,-0.127,-0.5185,102.0,71.18,1.72,50.16,117.14,13.24,146.95,0.0,19.721,37.299553,-79.29736,0.0,NaN,0.0,697248.4,81.0,0 / 17,1350013,2018-03-07 13:59:54:687
-5.3652,-2.3572,-7.9846,-5.3129,-2.3203,-7.9095,-0.0429,-0.0232,-0.0177,0.0491,0.0077,0.0872,102.0,71.81,8.61,45.96,106.17,13.81,146.23,0.0,45.904,37.299553,-79.29736,0.0,NaN,0.0,697248.4,81.0,0 / 17,1355012,2018-03-07 13:59:59:686
-5.0736,-2.293,-8.1389,-4.8974,-2.3331,-8.1696,-0.2008,0.0075,0.0206,-0.1417,-0.0321,-0.2832,102.0,70.98,2.7,50.94,116.21,13.29,147.2,0.0,41.804,37.299553,-79.29736,0.0,NaN,0.0,697248.4,81.0,0 / 17,1360014,2018-03-07 14:00:04:688
-5.2722,-2.3108,-8.056,-5.2456,-2.2769,-7.9668,0.0293,-0.0661,-0.0366,0.0013,0.0,0.0016,102.0,72.64,9.98,48.79,104.99,13.54,146.93,0.0,49.27,37.299553,-79.29736,0.0,NaN,0.0,697248.4,81.0,0 / 17,1365013,2018-03-07 14:00:09:687
-5.3126,-2.2974,-7.975,-5.2798,-2.3359,-7.927,0.02,-0.0371,-0.0052,0.0089,-0.0152,0.0077,102.0,72.3,12.17,48.25,102.25,13.67,146.28,0.0,37.615,37.299553,-79.29736,0.0,NaN,0.0,697248.4,81.0,0 / 17,1370013,2018-03-07 14:00:14:687
-5.3664,-2.3549,-8.0037,-5.3071,-2.3387,-7.9079,0.0013,0.0106,-0.0054,9.0E-4,-4.0E-4,-3.0E-4,102.0,72.54,12.27,49.28,103.15,13.81,146.11,0.0,34.309,37.299553,-79.29736,0.0,NaN,0.0,697248.4,81.0,0 / 17,1375013,2018-03-07 14:00:19:687
-5.271,-2.3815,-8.0181,-5.276,-2.3474,-7.9261,0.0501,-0.0571,-0.0427,0.0126,-0.0031,0.0042,102.0,72.69,7.88,49.96,110.39,13.9,145.84,0.0,41.298,37.299553,-79.29736,0.0,NaN,0.0,697248.4,81.0,0 / 17,1380012,2018-03-07 14:00:24:686
-5.106,-2.4905,-8.1693,-4.9022,-2.375,-8.1547,-0.3706,0.021,0.0779,-0.1553,-0.036,-0.2796,102.0,71.76,9.93,51.08,103.98,13.46,149.52,0.0,52.416,37.299553,-79.29736,0.0,NaN,0.0,697248.4,81.0,0 / 17,1385013,2018-03-07 14:00:29:687
-5.1424,-0.6802,-7.9468,-5.4371,-0.3418,-8.1543,0.5934,0.0381,0.6139,-0.1105,-0.1193,0.1115,102.0,55.46,-33.63,46.79,151.6,2.0,146.31,0.0,54.212,37.299553,-79.29736,0.0,NaN,0.0,697248.4,81.0,0 / 17,1390013,2018-03-07 14:00:34:687
-5.564,-2.0861,-8.0299,-5.5361,-1.9881,-7.8466,-0.0288,0.1318,0.1085,-0.001,-0.0074,-0.0034,102.0,60.68,-25.03,49.37,151.47,11.7,144.8,0.0,19.497,37.299553,-79.29736,0.0,NaN,0.0,697248.4,81.0,0 / 17,1395013,2018-03-07 14:00:39:687
-5.604,-2.0926,-7.9119,-5.4887,-2.1408,-7.8397,-0.1579,0.1782,0.1834,-0.1014,-0.0635,-0.2098,102.0,66.05,-18.15,47.91,142.36,12.61,145.0,0.0,55.781,37.299553,-79.29736,0.0,NaN,0.0,697248.4,81.0,0 / 17,1400012,2018-03-07 14:00:44:686
-9.6161,-15.5609,2.0381,-0.6119,-8.3912,5.0383,-14.4243,-5.2277,-1.5081,3.15,1.8982,-6.0802,50.0,46.03,-42.12,-32.02,217.92,58.83,6.92,5.0,50.734,37.299553,-79.29736,0.0,NaN,0.0,697248.4,81.0,0 / 17,1405013,2018-03-07 14:00:49:687
-1.0806,5.1687,7.4064,-1.276,6.0467,7.6145,-0.3625,-0.8658,0.5662,0.0526,-0.0164,-0.1235,589.0,-10.32,-70.1,-26.9,160.16,-38.07,9.51,5.0,36.515,37.299553,-79.29736,0.0,NaN,0.0,697248.4,81.0,0 / 17,1410013,2018-03-07 14:00:54:687
-1.6139,5.9347,7.4149,-1.5017,6.1713,7.472,0.1926,-0.0027,0.3764,0.0768,-0.0077,0.0534,2416.0,-11.4,-73.58,-31.5,158.87,-35.81,10.25,5.0,57.169,37.299553,-79.29736,0.0,NaN,0.0,697248.4,81.0,0 / 17,1415013,2018-03-07 14:00:59:687
-0.376,6.0735,7.6473,-1.1924,6.0984,7.5867,0.6163,-0.0496,-0.7938,0.2527,0.1409,0.184,629.0,-5.39,-76.36,-19.49,170.54,-35.5,11.22,5.0,51.655,37.299553,-79.29736,0.0,NaN,0.0,697248.4,81.0,0 / 17,1420013,2018-03-07 14:01:04:687
-0.747,4.1314,8.5373,-0.8181,4.3346,8.7586,-0.3614,-0.1532,-0.457,0.1566,0.2169,0.1574,1732.0,-3.58,-71.38,-32.48,163.22,-22.89,23.58,5.0,53.073,37.299553,-79.29736,0.0,NaN,0.0,697248.4,81.0,0 / 17,1425012,2018-03-07 14:01:09:686
-1.4259,4.4208,8.304,-1.7381,4.5876,8.4914,0.3522,0.0377,0.2008,-0.0922,0.0726,-0.0031,1989.0,-14.81,-73.39,-30.58,162.12,-27.5,2.58,5.0,4.7,37.299553,-79.29736,0.0,NaN,0.0,697248.4,81.0,0 / 17,1430013,2018-03-07 14:01:14:687
-2.97,2.3411,10.2332,-2.8694,2.1936,9.1173,0.3404,0.1388,0.1284,0.1209,0.0683,0.0148,3755.0,1.01,-65.72,-41.08,166.3,-15.77,19.73,5.0,48.201,37.299553,-79.29736,0.0,NaN,0.0,697248.4,81.0,0 / 17,1435013,2018-03-07 14:01:19:687
-4.209,4.3974,4.6571,-2.7803,5.2365,7.8115,-0.4405,0.0702,1.9745,-0.3042,-1.0515,-0.2259,1543.0,-11.79,-75.83,-24.77,163.0,-33.19,8.61,5.0,49.647,37.299553,-79.29736,0.0,NaN,0.0,697248.4,81.0,0 / 17,1440012,2018-03-07 14:01:24:686
-0.4647,-2.4039,13.7542,-2.46,1.7043,9.3389,-1.1452,-1.0997,2.3026,1.3336,-1.1222,-2.0317,2964.0,-44.7,-29.24,-38.83,111.06,-15.56,6.47,5.0,57.212,37.299553,-79.29736,0.0,NaN,0.0,697248.4,81.0,0 / 17,1445012,2018-03-07 14:01:29:686
1.0403,-0.9491,9.1086,0.5272,1.673,9.6485,-0.2197,-1.005,-1.4522,0.3242,0.0119,-0.1247,1962.0,-34.3,9.18,-53.87,51.61,-14.42,-5.27,5.0,63.55,37.299553,-79.29736,0.0,NaN,0.0,697248.4,81.0,0 / 17,1450013,2018-03-07 14:01:34:687
-0.7626,5.1706,8.1622,-0.8218,5.3246,8.1942,0.0235,0.0783,-0.1445,0.0311,0.0126,-0.0043,968.0,-38.64,-34.42,-46.15,99.78,-31.19,6.04,5.0,51.191,37.299553,-79.29736,0.0,NaN,0.0,697248.4,81.0,0 / 17,1455013,2018-03-07 14:01:39:687
-0.984,1.5933,7.5915,-2.5017,1.2402,9.4007,-1.6231,1.0374,1.2795,-0.4994,0.1252,0.1149,826.0,-36.4,-32.57,-49.62,96.36,-31.21,6.57,5.0,60.93,37.299553,-79.29736,0.0,NaN,0.0,697248.4,81.0,0 / 17,1460012,2018-03-07 14:01:44:686
4.6415,-1.771,9.4986,4.4552,-2.0713,8.4871,0.0569,1.9987,-0.1085,-0.1133,0.0745,0.4011,1468.0,-52.85,-37.3,-52.31,118.61,-4.9,9.6,5.0,51.12,37.299553,-79.29736,0.0,NaN,0.0,697248.4,81.0,0 / 25,1465013,2018-03-07 14:01:49:687
-0.3367,-0.7421,10.1518,-0.3571,-0.7208,9.7736,-0.0042,-0.0126,-0.032,-0.0021,0.0038,-0.0043,4872.0,-33.91,-43.45,-63.19,143.11,4.1,1.4,5.0,49.046,37.299553,-79.29736,0.0,NaN,0.0,697248.4,81.0,0 / 25,1470013,2018-03-07 14:01:54:687
-0.3834,-0.7265,10.1207,-0.3852,-0.7028,9.7738,0.0097,0.0136,-0.0222,-0.0026,0.0013,-0.0035,4865.0,-34.05,-43.55,-63.19,142.95,4.07,2.24,5.0,50.593,37.299553,-79.29736,0.0,NaN,0.0,697248.4,81.0,0 / 25,1475013,2018-03-07 14:01:59:687
-0.3941,-0.7385,10.1183,-0.3705,-0.6773,9.7762,0.0279,0.0372,-0.0219,-0.0045,-0.0034,0.001,4811.0,-34.25,-43.36,-63.44,142.44,4.08,2.17,5.0,54.527,37.299553,-79.29736,0.0,NaN,0.0,697248.4,81.0,1 / 25,1480012,2018-03-07 14:02:04:686
-0.4252,-0.7277,10.0932,-0.3794,-0.6868,9.7752,-0.0092,-0.0036,0.0799,-0.0056,-0.0046,0.0026,4797.0,-33.91,-43.01,-64.27,142.41,4.02,2.17,5.0,57.284,37.299553,-79.29736,0.0,NaN,0.0,697248.4,81.0,2 / 25,1485012,2018-03-07 14:02:09:686
-0.4169,-0.6631,10.1052,-0.4007,-0.6548,9.7766,0.0094,-0.022,-0.0295,-0.0021,-6.0E-4,0.0012,4824.0,-34.44,-43.5,-65.05,142.78,3.92,2.35,5.0,43.288,35.7724,-78.67779,74.0,NaN,1.84,33.0,12.3,4 / 18,1490012,2018-03-07 14:02:14:686
-0.4085,-0.6368,10.0107,-0.4053,-0.6527,9.7765,0.0091,-0.003,-0.0044,0.0039,5.0E-4,2.0E-4,4831.0,-34.1,-43.06,-63.73,142.36,4.0,2.22,5.0,51.233,35.7724,-78.67779,74.0,NaN,1.84,33.0,12.3,4 / 18,1495012,2018-03-07 14:02:19:686
-0.3882,-0.7146,10.1219,-0.3864,-0.6762,9.7757,0.0201,-0.0108,-0.069,-5.0E-4,-0.0021,-0.0012,4865.0,-33.61,-42.62,-63.49,142.31,3.97,2.24,5.0,51.808,35.7724,-78.67779,74.0,NaN,1.84,33.0,12.3,4 / 18,1500013,2018-03-07 14:02:24:687
-0.3654,-0.6871,10.0693,-0.3851,-0.6762,9.7757,0.011,9.0E-4,0.0163,0.0024,9.0E-4,-0.001,4804.0,-34.2,-42.48,-64.37,141.67,3.95,2.29,5.0,50.602,35.7724,-78.67779,74.0,NaN,1.84,33.0,12.3,4 / 18,1505013,2018-03-07 14:02:29:687
-0.3894,-0.6859,10.0705,-0.394,-0.6689,9.7759,0.0077,-0.0117,0.0026,0.0017,0.0022,-7.0E-4,4878.0,-33.52,-42.33,-63.29,141.53,3.84,2.37,5.0,49.857,35.7724,-78.67779,74.0,NaN,1.84,33.0,12.3,4 / 18,1510012,2018-03-07 14:02:34:686
-0.4109,-0.6727,10.0968,-0.3975,-0.6628,9.7762,0.0033,0.005,0.0165,5.0E-4,-0.0011,0.0029,4872.0,-33.91,-42.77,-63.54,142.18,3.86,2.33,5.0,30.536,35.7724,-78.67779,74.0,NaN,1.84,33.0,12.3,4 / 18,1515012,2018-03-07 14:02:39:686
-0.4193,-0.6763,10.098,-0.3998,-0.6623,9.7761,0.0071,-0.0125,-0.0039,0.0021,0.0019,0.0018,4892.0,-33.17,-42.18,-59.63,142.33,3.9,2.35,5.0,25.166,35.7724,-78.67779,74.0,NaN,1.84,33.0,12.3,4 / 18,1520013,2018-03-07 14:02:44:687
-0.4109,-0.6966,10.0645,-0.3991,-0.6656,9.7759,0.0104,-0.0137,-0.0032,0.0016,0.0015,-4.0E-4,4878.0,-32.34,-41.94,-59.83,143.12,3.9,2.34,5.0,53.859,35.7724,-78.67779,74.0,NaN,1.84,33.0,12.3,4 / 18,1525013,2018-03-07 14:02:49:687
-0.387,-0.6871,10.0765,-0.3993,-0.6615,9.7762,0.0202,-9.0E-4,9.0E-4,1.0E-4,0.0018,0.0,4865.0,-32.69,-41.99,-59.68,142.31,3.89,2.36,5.0,51.7,35.7724,-78.67779,74.0,NaN,1.84,33.0,12.3,4 / 18,1530013,2018-03-07 14:02:54:687
-0.4181,-0.6871,10.0418,-0.4018,-0.6492,9.7769,0.0106,-0.0138,-0.0034,0.003,5.0E-4,0.0022,4865.0,-32.44,-41.7,-59.92,143.03,3.83,2.41,5.0,56.86,35.7724,-78.67779,74.0,NaN,1.84,33.0,12.3,4 / 18,1535013,2018-03-07 14:02:59:687
-0.387,-0.7242,9.818,-0.3738,-0.6989,9.7746,0.0177,-0.0063,-0.0575,-8.0E-4,-1.0E-4,0.0034,4885.0,-32.3,-41.4,-59.63,142.5,3.88,2.35,5.0,41.928,35.7724,-78.67779,74.0,NaN,1.84,33.0,12.3,4 / 18,1540013,2018-03-07 14:03:04:687
-0.369,-0.7122,10.0896,-0.3733,-0.6946,9.7749,-0.0046,7.0E-4,0.0014,0.0018,-0.0018,9.0E-4,4885.0,-32.2,-41.31,-60.22,142.72,4.07,2.22,5.0,2.112,35.7724,-78.67779,74.0,NaN,1.84,33.0,12.3,4 / 18,1545013,2018-03-07 14:03:09:687
0.2687,-0.4908,9.513,1.2331,0.8554,9.6911,-0.6482,-0.6956,-0.7541,-0.1107,-0.4878,0.6476,4872.0,-44.89,-46.19,-45.27,136.18,3.82,2.35,5.0,27.793,35.7724,-78.67779,74.0,NaN,1.84,33.0,12.3,4 / 18,1550012,2018-03-07 14:03:14:686
-2.3646,7.1829,2.892,-3.2364,7.0025,6.0548,0.2807,-0.5994,0.9361,-0.7811,0.7314,0.1264,379.0,-28.29,-72.85,-38.19,133.94,-41.05,18.61,5.0,8.799,35.7724,-78.67779,74.0,NaN,1.84,33.0,12.3,4 / 18,1555013,2018-03-07 14:03:19:687
-4.1078,7.1662,4.1458,-3.708,6.906,5.8931,0.0233,-0.2052,0.3264,0.7016,0.3696,-0.2157,372.0,-25.31,-67.18,-37.12,129.99,-54.15,53.07,5.0,24.302,35.7724,-78.67779,74.0,NaN,1.84,33.0,12.3,4 / 18,1560013,2018-03-07 14:03:24:687